last_name, first_name,player_id,attempts,avg_hit_angle,anglesweetspotpercent,max_hit_speed,avg_hit_speed,fbld,gb,max_distance,avg_distance,avg_hr_distance,ev95plus,ev95per-swing,ev95percent,barrels,brl_percent,brl_pa
Stanton, Giancarlo,519317,36,7.9,36.1,120.6,92.7,101,85.1,445,184,435,17,13.5,47.2,10,27.8,13.9
Lewis, Kyle,641786,43,10.4,41.9,108.9,90.3,98.3,83.8,434,170,408,20,13.7,46.5,10,23.3,13.3
Cron, Kevin,605196,44,14.2,40.9,113.8,89.9,97.9,79.3,453,206,409,22,12.5,50.0,10,22.7,12.8
Ríos, Edwin,621458,26,5.4,50.0,112.5,95,101.7,87.3,473,198,417,17,14.5,65.4,7,26.9,12.5
Cruz, Nelson,443558,326,13.1,38.3,117,93.7,99.2,89,478,198,411,168,17.2,51.5,65,19.9,12.5
Sánchez, Gary,596142,272,19.2,33.5,118.3,91.1,96,86.2,481,209,417,112,13.6,41.2,52,19.1,11.7
LaMarre, Ryan,534606,18,7.9,38.9,105.4,86.1,90.6,80.3,410,176,410,5,11.6,27.8,3,16.7,11.5
Gallo, Joey,608336,129,22.4,34.9,115.4,94.8,101.4,82.7,467,239,418,68,12.8,52.7,34,26.4,11.4
Garlick, Kyle,664247,29,25,48.3,105.5,91.6,94.7,87,413,247,397,12,11.4,41.4,6,20.7,11.3
Trout, Mike,545361,354,22.2,43.8,116.6,90.9,95.1,84.2,486,234,419,155,16.8,43.8,67,18.9,11.2
Grullón, Deivy,620453,7,22.6,42.9,109,92.6,93.7,87.6,341,221,,2,10.0,28.6,1,14.3,11.1
Sanó, Miguel,593934,222,15.9,36.5,114.2,94.4,99.6,89,496,207,416,127,15.2,57.2,47,21.2,10.7
Cron, C.J.,543068,353,12.8,34.0,115.9,91.1,96.2,87.7,464,187,404,158,16.2,44.8,53,15.0,10.6
Judge, Aaron,592450,238,11.2,39.1,118.1,96,99.6,91.8,467,200,396,136,16.9,57.1,47,19.7,10.5
Soler, Jorge,624585,415,15.5,34.9,115.7,92.6,97.2,88.8,465,200,414,207,17.1,49.9,70,16.9,10.3
Yelich, Christian,592885,374,11.3,33.2,117.9,93.3,96.8,91,462,185,407,182,17.6,48.7,59,15.8,10.2
Alvarez, Yordan,670541,221,13.4,39.4,117.9,92.2,96.5,86.5,454,203,410,107,16.6,48.4,37,16.7,10.0
Duvall, Adam,594807,82,25.6,30.5,112.3,91.1,97.1,83.5,440,228,420,27,10.5,32.9,13,15.9,10.0
Garver, Mitch,641598,226,15.3,33.6,109.7,91.1,97.2,84.8,443,200,400,113,21.5,50.0,35,15.5,9.7
Freese, David,501896,118,11,36.4,110,91.5,93.3,91.3,428,173,391,59,17.6,50.0,18,15.3,9.7
Alonso, Pete,624413,417,14.8,36.9,118.3,90.7,96.6,85.9,489,191,414,176,13.7,42.2,66,15.8,9.5
Castro, Jason,488771,151,14.4,41.7,110.5,91.8,96.5,85.8,443,207,415,71,13.7,47.0,26,17.2,9.5
Donaldson, Josh,518626,396,13.3,33.3,114.2,92.9,98.1,89,443,186,406,200,16.6,50.5,62,15.7,9.4
Springer, George,543807,370,10.5,31.6,114.3,89.8,95.4,85.7,474,177,408,160,15.8,43.2,52,14.1,9.4
Bruce, Jay,457803,231,21.6,33.8,109.2,90.2,95.7,84.1,437,222,398,97,14.0,42.0,31,13.4,9.3
Reyes, Franmil,614177,345,9.5,33.3,115,93.3,98.2,88.6,457,182,408,176,16.1,51.0,51,14.8,9.3
Wallach, Chad,595453,36,14.3,27.8,108,89.8,95.4,83,405,198,405,14,13.2,38.9,5,13.9,9.3
Acuña Jr., Ronald,660670,439,14.2,40.5,115.9,90.6,95.6,84.8,466,192,416,208,15.0,47.4,66,15.0,9.2
Lowe, Brandon,664040,184,19.2,40.2,114.3,91.6,96,85.6,455,220,403,85,12.0,46.2,30,16.3,9.2
Olson, Matt,621566,346,19.4,36.1,111.9,92.7,97.2,89,450,207,400,171,16.5,49.4,50,14.5,9.1
Abreu, José,547989,492,10.9,35.2,117.9,92.1,96.1,89.6,447,170,404,237,17.5,48.2,63,12.8,9.1
Thomas, Lane,657041,30,6.4,26.7,108.7,91.7,97.6,89,410,160,378,13,18.3,43.3,4,13.3,9.1
McKay, Brendan,656713,8,-5.6,12.5,108,87.4,97.7,81.3,420,128,420,3,18.8,37.5,1,12.5,9.1
Bolt, Skye,621450,7,21,57.1,104.4,85,88.2,81.3,386,260,,1,5.9,14.3,1,14.3,9.1
Schwarber, Kyle,656941,379,15.5,35.6,117.6,93.5,97.9,90,473,201,406,193,17.7,50.9,55,14.5,9.0
Happ, Ian,664023,102,16,27.5,112.7,89.8,95.5,86.3,474,185,405,39,11.9,38.2,14,13.7,9.0
Avila, Alex,488671,96,9.4,42.7,107.9,91.4,96.6,86.6,448,185,395,47,15.6,49.0,18,18.8,9.0
Greinke, Zack,425844,42,5.9,33.3,106.5,88.9,93.2,87.1,413,159,394,13,12.9,31.0,5,11.9,8.9
Kendrick, Howie,435062,290,10.8,36.9,112.4,91.7,94.4,90.4,435,176,411,140,21.1,48.3,33,11.4,8.9
Bellinger, Cody,641355,455,17.9,39.6,110.6,91.1,95,86.4,442,209,405,207,17.3,45.5,58,12.7,8.8
Adams, Matt,571431,196,19.6,39.8,112.1,88.6,95.6,80.2,438,210,405,86,13.1,43.9,29,14.8,8.7
Rendon, Anthony,543685,468,19.5,38.7,107.7,90.4,93.5,88.3,431,209,398,218,19.3,46.6,56,12.0,8.7
Harper, Bryce,547180,399,13.7,37.6,116.4,91.9,96.8,86.5,466,198,411,182,13.5,45.6,59,14.8,8.7
Bell, Josh,605137,416,13.1,34.6,116.2,92.4,96.1,89.9,474,186,411,193,16.4,46.4,53,12.7,8.6
Báez, Javier,595879,377,7.7,36.3,114.1,91.1,96.1,86.7,460,174,404,163,14.8,43.2,48,12.7,8.6
Jiménez, Eloy,650391,336,9.3,32.4,114.1,91.2,96.6,87.4,471,169,409,161,17.3,47.9,43,12.8,8.5
Meadows, Austin,640457,399,16.7,38.1,115.4,90.4,94.7,85.8,447,206,399,171,16.2,42.9,50,12.5,8.5
Aquino, Aristides,606157,147,18.6,30.6,118.3,87.8,95,82.8,469,195,407,55,11.0,37.4,19,12.9,8.4
Encarnación, Edwin,429665,318,22.5,34.3,113,90.2,94.6,87.5,442,207,401,134,14.3,42.1,41,12.9,8.4
Correa, Carlos,621043,209,12.5,36.4,112.8,89,95.7,83.1,474,196,402,84,14.4,40.2,27,12.9,8.4
Freeman, Freddie,518692,472,14.4,40.0,112,89.7,93.8,85.1,446,194,404,200,14.0,42.4,58,12.3,8.4
Tucker, Kyle,663656,47,16.3,42.6,107.7,92,95.3,86.9,407,219,392,23,17.3,48.9,6,12.8,8.3
Pirela, José,517369,15,22.8,26.7,105.5,86.5,87.4,89.4,410,173,410,5,11.6,33.3,2,13.3,8.3
Tellez, Rowdy,642133,257,14,37.0,115.2,90.7,94.5,87.2,455,193,406,107,13.6,41.6,34,13.2,8.3
Miller, Brad,543543,109,17.7,26.6,113.4,92.6,95.3,91.4,434,193,409,51,17.0,46.8,14,12.8,8.2
Ozuna, Marcell,542303,372,13.5,32.8,115.3,91.8,96.3,88.6,455,180,403,179,17.6,48.1,45,12.1,8.2
Suárez, Eugenio,553993,392,17.7,38.0,112.3,89.3,93.1,86.1,457,196,400,157,13.0,40.1,54,13.8,8.2
Walker, Christian,572233,375,14.8,34.1,112.4,91.1,95.3,87.9,447,183,411,183,15.6,48.8,49,13.1,8.1
García, Avisaíl,541645,367,9.8,34.1,116.2,89.5,95.2,86.4,485,167,409,148,13.9,40.3,43,11.7,8.1
Sandoval, Pablo,467055,210,10.9,37.1,114.7,89.8,95.3,86.5,444,169,400,93,15.0,44.3,24,11.4,8.1
Odor, Rougned,596059,346,17.9,30.6,113.1,91.1,96.2,87.1,471,208,404,157,14.1,45.4,47,13.6,8.1
Tatis Jr., Fernando,665487,227,6.7,33.5,115.9,90.4,95.8,85.7,468,168,405,100,15.0,44.1,30,13.2,8.1
Hiura, Keston,669374,208,16.4,35.6,112.4,91.4,95.2,88.8,442,194,402,100,14.1,48.1,28,13.5,8.0
Hilliard, Sam,656541,54,8.4,37.0,114.1,90.8,96,85.7,455,198,413,23,14.4,42.6,7,13.0,8.0
Ohtani, Shohei,660271,278,6.8,31.7,115.1,92.8,97,89,447,164,406,131,15.8,47.1,34,12.2,8.0
Court, Ryan,606956,13,16.3,46.2,107.1,81,91.5,75.1,366,164,366,4,8.5,30.8,2,15.4,8.0
Iannetta, Chris,455104,91,8.7,36.3,113.2,92.1,97.2,84.9,476,194,405,47,16.3,51.6,13,14.3,7.9
Martinez, J.D.,502110,442,12.5,40.7,112.6,91.3,95.1,87.5,434,192,402,208,17.1,47.1,52,11.8,7.9
Chapman, Matt,656305,439,16.6,25.1,114.4,92.7,97.1,91,453,186,408,211,17.9,48.1,53,12.1,7.9
Morrison, Logan,489149,25,22.1,24.0,108.8,87.7,93.9,86,411,176,404,7,8.5,28.0,3,12.0,7.9
Moncada, Yoán,660162,361,12.3,40.4,115.8,93.1,95.5,91.8,462,187,406,173,16.5,47.9,44,12.2,7.9
Castellanos, Nick,592206,475,14,39.8,111.2,89,93.9,83.3,436,198,394,196,14.7,41.3,52,10.9,7.8
Austin, Tyler,592122,88,14.9,27.3,111.1,91.7,95.7,86.7,441,205,411,42,12.5,47.7,14,15.9,7.8
Moreland, Mitch,519048,226,10.1,33.2,114,90.8,95.8,86.2,436,179,396,103,15.7,45.6,26,11.5,7.8
Riley, Austin,663586,168,20.6,40.5,111.7,89.4,94.1,83.3,438,223,405,75,11.9,44.6,23,13.7,7.7
Soto, Juan,665742,416,12.5,36.3,112.8,92,97,86.4,443,194,403,199,17.5,47.8,51,12.3,7.7
Davis, J.D.,605204,315,10.2,36.8,114.7,91.5,95.2,88.7,449,172,404,149,16.9,47.3,35,11.1,7.7
Luplow, Jordan,656669,165,16.1,33.9,108.8,89.6,93.5,86.8,437,186,401,64,12.9,38.8,20,12.1,7.7
Gurriel Jr., Lourdes,666971,232,14.4,33.6,109.6,90.4,95.6,86.8,452,189,408,105,16.2,45.3,26,11.2,7.6
Duda, Lucas,446263,75,22.5,32.0,111.4,91.5,96.4,88,435,197,408,34,14.5,45.3,9,12.0,7.6
Moustakas, Mike,519058,427,17.4,32.3,112.9,89.5,93.8,87,459,195,402,173,15.6,40.5,44,10.3,7.5
García, Robel,596825,38,22.6,42.1,112.8,89.8,94.5,83.4,454,229,410,16,10.1,42.1,6,15.8,7.5
Díaz, Yandy,650490,250,5.7,34.0,114.3,91.7,97,89.2,428,164,389,112,19.1,44.8,26,10.4,7.5
Mazara, Nomar,608577,327,10.7,33.9,114.6,89.1,93.9,86.1,505,174,416,127,13.1,38.8,35,10.7,7.5
Voit, Luke,572228,288,12.7,38.5,112.6,89.7,95.4,82.8,470,184,410,118,12.4,41.0,38,13.2,7.5
Conforto, Michael,624424,405,15.9,35.8,112.2,89.2,93.7,83.4,452,196,402,158,13.4,39.0,48,11.9,7.4
Betts, Mookie,605141,505,19.3,39.2,109.3,91,94.2,88.1,438,208,391,237,21.3,46.9,52,10.3,7.4
Contreras, Willson,575929,260,7.5,31.2,113.1,88.5,94.7,84.3,463,169,408,108,13.8,41.5,30,11.5,7.3
Yastrzemski, Mike,573262,268,19.5,36.9,108.5,89.6,94.6,85.2,472,206,406,115,15.0,42.9,30,11.2,7.3
Brown, Seth,664913,52,17.5,34.6,111.2,89,93.7,83.3,409,196,,20,13.5,38.5,6,11.5,7.2
Choi, Ji-Man,596847,309,12.8,37.9,110.1,91.2,94.7,87.8,445,188,400,132,15.3,42.7,35,11.3,7.2
Goldschmidt, Paul,502671,434,15.4,36.4,111.5,90.1,94.5,86.1,464,199,410,182,13.6,41.9,49,11.3,7.2
Núñez, Renato,600524,402,19.9,32.1,114.8,89.9,94.1,88.1,450,195,413,164,13.4,40.8,43,10.7,7.2
Castillo, Welington,456078,158,13.2,30.4,110.7,89.5,96.2,85.3,428,180,396,67,15.5,42.4,18,11.4,7.2
Marte, Ketel,606466,485,11.5,34.6,116.3,90,93.5,87.8,482,175,405,194,17.0,40.0,45,9.3,7.2
Vogt, Stephen,519390,193,22.4,37.3,109.6,89.8,92,87.1,442,215,395,79,13.9,40.9,20,10.4,7.1
Torres, Gleyber,650402,424,17.7,38.0,109.6,89.1,92.8,86.3,438,193,397,153,12.3,36.1,43,10.1,7.1
Renfroe, Hunter,592669,292,19.1,32.2,114.1,89.9,94.6,85.9,470,201,413,115,12.4,39.4,35,12.0,7.1
Gómez, Carlos,460576,59,19.3,30.5,115.6,88.1,91.4,86,408,175,399,19,8.7,32.2,7,11.9,7.1
Mancini, Trey,641820,464,7.8,36.4,113.9,90.3,95.8,85.7,438,173,404,198,15.1,42.7,48,10.3,7.1
Desmond, Ian,435622,327,8.7,32.4,113.6,90.9,93.6,90.1,486,165,418,139,16.7,42.5,34,10.4,7.1
Kang, Jung Ho,628356,113,13.7,32.7,114.5,92.2,97.1,87.9,457,181,409,52,14.9,46.0,13,11.5,7.0
Cave, Jake,595909,128,7.4,38.3,111.5,90.5,96.2,85.4,437,164,402,56,12.7,43.8,16,12.5,7.0
Ravelo, Rangel,592660,28,7.5,35.7,111.5,93.8,97.6,91.3,487,166,454,14,16.9,50.0,3,10.7,7.0
Calhoun, Kole,594777,392,14.9,35.2,110.1,89.5,95.1,84,440,190,403,164,14.3,41.8,44,11.2,7.0
Muncy, Max,571970,342,14.5,38.9,110.1,89.8,94.4,84.7,464,197,404,147,14.3,43.0,41,12.0,7.0
Rosario, Eddie,592696,482,16.8,33.2,108.6,89.2,93.9,85,433,190,392,172,14.1,35.7,41,8.5,6.9
Frazier, Clint,640449,158,15.4,37.3,109.2,88.5,92.8,84.8,429,193,394,57,13.3,36.1,17,10.8,6.9
Dixon, Brandon,641525,259,16.9,37.5,113.3,89.5,93.3,86.8,447,191,399,104,12.1,40.2,29,11.2,6.9
Santana, Domingo,570267,289,11.3,40.1,109.5,89,94.7,82.2,425,180,399,118,11.8,40.8,35,12.1,6.9
Walsh, Jared,665120,44,14.1,38.6,109.7,91.3,93.3,89.9,419,184,419,22,12.9,50.0,6,13.6,6.9
Barreto, Franklin,620439,34,6.5,29.4,109.9,89,94.2,85.9,396,144,392,12,10.8,35.3,4,11.8,6.9
Alfaro, Jorge,595751,279,4.7,33.3,114.7,90.8,96.4,86.6,473,156,404,125,11.9,44.8,32,11.5,6.9
Collins, Zack,641470,47,15.3,42.6,107,90.7,96,82.5,447,240,413,25,13.5,53.2,7,14.9,6.9
Devers, Rafael,646240,531,10.4,33.0,115,92.5,96.5,89.9,458,178,403,252,17.4,47.5,48,9.0,6.8
Pederson, Joc,592626,341,15.6,31.4,113.7,91.2,96.1,88,454,181,399,146,15.5,42.8,35,10.3,6.8
Grandal, Yasmani,518735,379,14.2,37.5,111.3,90.7,95,87.5,442,189,400,156,14.9,41.2,43,11.3,6.8
Smoak, Justin,475253,309,16.7,37.5,110.8,90.3,93.7,87.4,438,207,401,123,15.2,39.8,34,11.0,6.8
Swanson, Dansby,621020,365,14.4,36.7,108.4,89.9,93.1,86.8,424,188,402,152,14.9,41.6,37,10.1,6.8
Dahl, David,621311,271,11.2,41.0,107.1,88.7,93.9,82.4,447,192,405,107,12.8,39.5,28,10.3,6.8
Murphy, Tom,608596,174,18.9,32.2,111.7,90.6,95,85.4,430,203,391,78,14.2,44.8,19,10.9,6.8
Ford, Mike,645801,115,15.6,36.5,110.7,91.9,92.3,92.8,430,204,392,52,19.8,45.2,11,9.6,6.7
Haniger, Mitch,571745,167,17.9,31.7,109,88.4,93.3,85.1,428,190,403,65,12.5,38.9,19,11.4,6.7
Braun, Ryan,460075,357,7.3,33.3,111.7,91.5,95.6,89.2,443,164,404,160,16.6,44.8,34,9.5,6.7
Pérez, Roberto,547379,273,5.7,33.0,112.8,90.2,95,86.7,447,165,404,112,14.8,41.0,30,11.0,6.7
Hernández, Teoscar,606192,265,15.3,30.6,112.1,91.2,96.2,86.6,450,192,401,112,12.3,42.3,31,11.7,6.7
Taylor, Beau,607333,18,6,38.9,102.8,89.7,96.5,85.3,416,158,407,9,16.1,50.0,2,11.1,6.7
Upton, Justin,457708,146,18.5,35.6,111.6,87.2,93,83.7,432,196,402,54,11.1,37.0,17,11.6,6.6
Smith, Will,669257,121,23.8,36.4,108.6,89.4,92.1,86.5,449,228,396,47,13.4,38.8,13,10.7,6.6
Jones, JaCoby,592444,206,14,35.0,112.8,91.6,94.9,90,447,188,408,97,16.0,47.1,22,10.7,6.6
Fisher, Derek,605233,89,9.2,34.8,113.8,92.3,95.5,92,447,162,406,39,15.7,43.8,11,12.4,6.6
Zunino, Mike,572287,168,19.2,26.8,116.1,88.4,97,83.9,455,177,427,62,10.2,36.9,19,11.3,6.6
Santana, Carlos,467793,467,11.7,29.1,112.8,91.8,93.5,91.9,426,173,396,209,19.0,44.8,45,9.6,6.6
Lowe, Nathaniel,663993,104,13,37.5,114.3,91.3,94.8,89.6,442,178,401,47,15.0,45.2,11,10.6,6.5
Dozier, Hunter,641531,380,16.7,35.8,115.1,91.1,94.2,89.2,453,202,401,163,16.2,42.9,38,10.0,6.5
Bour, Justin,571506,100,10.4,29.0,115,89.3,95.5,85.4,435,170,407,42,13.2,42.0,11,11.0,6.5
Naquin, Tyler,571980,212,12.6,32.5,114.4,90.8,92.4,92.2,433,170,412,82,13.7,38.7,19,9.0,6.5
Trumbo, Mark,444432,24,8.8,25.0,112.3,90,91.5,91,376,162,,9,13.4,37.5,2,8.3,6.5
Laureano, Ramón,657656,320,14.7,37.2,111.6,89.7,93.3,86.7,438,188,405,127,13.4,39.7,31,9.7,6.4
Healy, Ryon,592387,133,17,33.1,109.9,89.6,92.5,88.3,416,185,393,49,14.7,36.8,12,9.0,6.4
Puig, Yasiel,624577,426,13.8,30.0,114.4,90,94.1,88,455,184,410,163,13.8,38.3,39,9.2,6.4
Kepler, Max,596146,429,18.2,30.5,112.5,89.7,92.9,88.8,438,196,392,179,16.8,41.7,38,8.9,6.4
Pence, Hunter,452254,219,9.9,36.1,113.1,91.5,95.5,89,456,184,405,92,14.4,42.0,20,9.1,6.3
Maybin, Cameron,457727,167,11.8,35.9,110.5,89.4,93.6,87.1,436,177,406,66,14.1,39.5,17,10.2,6.3
Dickerson, Alex,543105,133,16.3,37.6,112.9,89.9,93.8,87.8,458,186,414,58,16.2,43.6,12,9.0,6.3
Blackmon, Charlie,453568,481,14.6,37.0,110.6,88.7,92.8,85,464,191,412,194,16.5,40.3,40,8.3,6.3
Semien, Marcus,543760,556,14.9,34.0,108.2,88.9,93.3,85.5,438,183,401,209,16.7,37.6,47,8.5,6.3
Drury, Brandon,592273,308,13.8,36.7,112.5,86.9,93.2,83.2,418,169,391,113,13.4,36.7,28,9.1,6.3
O'Grady, Brian,657434,25,24.4,32.0,107.3,87.9,95.8,71.3,426,220,407,10,9.6,40.0,3,12.0,6.3
Torrens, Luis,620443,8,-4,50.0,102.5,86.7,94.7,78.8,338,148,,4,15.4,50.0,1,12.5,6.3
Realmuto, J.T.,592663,423,14.4,35.0,112.9,90.3,94.4,87.7,456,187,393,174,14.7,41.1,37,8.7,6.2
Altuve, Jose,514888,422,9.7,28.2,109.3,87.4,93.2,84,448,155,396,142,15.2,33.6,34,8.1,6.2
Davis, Khris,501981,337,13.1,31.5,109.9,90.2,95.2,85.4,432,185,396,133,12.4,39.5,33,9.8,6.2
Cooper, Garrett,643265,273,4.5,33.7,113.5,89.1,94.2,85.7,447,152,418,110,13.3,40.3,26,9.5,6.2
Marte, Starling,516782,451,8.2,31.3,111.6,88.6,93.8,85.3,455,161,404,171,15.1,37.9,36,8.0,6.1
Bichette, Bo,666182,147,10.4,36.1,108,90,92.9,88.7,441,164,406,64,13.5,43.5,13,8.8,6.1
Flowers, Tyler,452095,168,11.1,31.5,109.9,90.1,95,86.7,438,168,403,69,11.9,41.1,19,11.3,6.1
Myers, Wil,571976,269,12.2,32.7,111.5,90.2,96.7,85.6,468,181,408,111,12.4,41.3,30,11.2,6.1
Caratini, Victor,605170,188,6.9,32.4,113.6,89.7,92.5,88,439,160,405,66,12.9,35.1,17,9.0,6.1
Dickerson, Corey,572816,207,16.2,44.0,109.3,87.1,93.1,82.8,463,190,396,72,10.5,34.8,17,8.2,6.1
Santana, Danny,542454,328,13.5,37.8,113.1,91.4,94.7,88.2,448,192,406,143,13.2,43.6,31,9.5,6.1
Mejias-Brean, Seth,623180,21,8.3,33.3,105.7,89.5,97.8,85.7,411,150,396,8,13.8,38.1,2,9.5,6.1
Arenado, Nolan,571448,503,17.7,34.6,109.9,89.4,92.9,87.9,463,194,406,189,15.4,37.6,40,8.0,6.0
Schoop, Jonathan,570731,318,12.4,35.5,114.9,87.6,93.7,83.7,467,172,404,122,12.5,38.4,28,8.8,6.0
Chavis, Michael,656308,220,11.4,31.4,113.8,88.7,93.7,86.8,451,173,417,76,9.9,34.5,23,10.5,6.0
Bogaerts, Xander,593428,498,13.3,34.7,112.4,90.6,94,88.6,451,185,398,217,18.5,43.6,42,8.4,6.0
Polanco, Gregory,570256,104,19.2,31.7,113.7,89.5,93.6,88.2,436,196,407,32,9.3,30.8,10,9.6,6.0
Anderson, Brian,605119,348,11.1,31.3,114.4,89.9,94.6,86.7,446,174,398,160,17.5,46.0,31,8.9,6.0
LeMahieu, DJ,518934,517,6.5,35.2,111.1,91.9,95.3,89.5,446,162,386,246,21.9,47.6,39,7.5,6.0
Solak, Nick,669256,87,6.3,33.3,109,88.3,93.2,85.7,404,149,380,28,12.1,32.2,8,9.2,5.9
Vogelbach, Daniel,596129,315,17.1,39.0,113.1,88.8,93.6,83.8,448,204,398,119,13.8,37.8,33,10.5,5.9
McCann, James,543510,303,10.8,36.0,112,90.2,94.4,87,446,165,404,134,13.7,44.2,28,9.2,5.9
Haase, Eric,606992,8,9.8,25.0,112.3,87.3,98,76.6,432,193,432,3,8.3,37.5,1,12.5,5.9
Dietrich, Derek,518618,178,20.7,34.3,111.7,87.2,93.6,82.9,436,192,393,54,9.2,30.3,18,10.1,5.9
Seager, Kyle,572122,309,18.4,36.9,107.1,89.5,93.2,84.7,420,204,383,121,14.7,39.2,26,8.4,5.9
Severino, Pedro,600474,235,13.2,35.7,111,87.6,92,84.3,430,175,402,79,12.9,33.6,20,8.5,5.9
Bryant, Kris,592178,400,19.2,35.8,111.4,87.6,92.3,83.3,445,192,403,135,11.2,33.8,37,9.3,5.8
Canha, Mark,592192,305,15.2,32.1,110.9,89.1,94.3,86.1,436,180,396,124,14.5,40.7,29,9.5,5.8
Beckham, Gordon,493596,155,14.1,36.8,109.4,86.2,89.9,83.2,418,179,389,57,11.6,36.8,14,9.0,5.8
Bradley Jr., Jackie,598265,344,9.3,30.2,112.1,90.1,95.1,87,478,166,395,148,14.0,43.0,33,9.6,5.8
Lindor, Francisco,596019,507,12.3,29.8,113.5,91,93.7,90.4,437,176,397,207,16.7,40.8,38,7.5,5.8
Riddle, JT,595375,90,9.9,30.0,107,88.9,92,86.9,399,169,384,27,10.8,30.0,8,8.9,5.8
Grichuk, Randal,545341,425,16,31.3,112.6,89.3,93.9,87.1,469,180,401,169,14.0,39.8,36,8.5,5.7
Slater, Austin,596103,109,3.5,35.8,109.1,88.7,96.7,83.1,411,154,382,53,15.7,48.6,11,10.1,5.7
DeJong, Paul,657557,440,18.3,33.0,111.7,87,92.9,82,462,193,410,146,11.6,33.2,38,8.6,5.7
Murphy, John Ryan,571974,36,18.1,44.4,109.5,87.9,92.5,83.2,436,203,402,10,7.5,27.8,4,11.1,5.7
Belt, Brandon,474832,403,22.4,41.4,106.6,87.3,91.3,82.7,434,220,389,144,12.4,35.7,35,8.7,5.7
Santander, Anthony,623993,298,15.3,31.2,112.9,89.9,92.4,89.7,435,191,408,109,12.7,36.6,23,7.7,5.7
Pinder, Chad,640461,257,8.6,31.9,110,90.9,96.1,87.9,437,169,405,110,16.1,42.8,21,8.2,5.7
O'Hearn, Ryan,656811,231,13,29.9,111.2,90.5,95.8,88.1,440,177,403,101,14.8,43.7,21,9.1,5.7
Canó, Robinson,429664,324,7.4,33.6,112.1,90.9,93.2,90.2,429,162,401,150,19.0,46.3,24,7.4,5.7
Bader, Harrison,664056,233,15.3,31.3,111.2,88.4,94.2,83.9,454,198,411,82,11.5,35.2,23,9.9,5.7
Turner, Justin,457759,396,17.8,38.6,107.7,90.3,93.1,88.1,433,204,401,168,17.2,42.4,31,7.8,5.6
Mondesi, Adalberto,609275,292,10.2,31.2,108.4,88.8,92.6,86.3,443,171,413,99,10.7,33.9,25,8.6,5.6
Guerrero, Vladimir,665489,375,6.7,30.9,118.9,89.4,93.2,88.2,451,159,418,145,15.6,38.7,29,7.7,5.6
Machado, Manny,592518,462,13,31.2,112.6,91.2,94.5,91.6,455,179,400,202,17.9,43.7,37,8.0,5.6
Sisco, Chance,642082,106,16.4,37.7,107.4,89.5,93.7,85,441,200,388,42,11.4,39.6,11,10.4,5.6
Pollock, AJ,572041,238,13.7,29.8,108.1,90.6,93.8,88.9,429,174,398,95,16.3,39.9,19,8.0,5.6
Hoskins, Rhys,656555,403,24,31.0,111,89.7,94,86.3,429,210,388,156,12.3,38.7,39,9.7,5.5
Hicks, Aaron,543305,152,13.6,26.3,111,89.7,94.6,86.9,439,166,392,53,12.2,34.9,14,9.2,5.5
Story, Trevor,596115,417,17.5,36.5,111.8,91,93.8,90.3,459,199,414,192,14.9,46.0,36,8.6,5.5
Adames, Willy,642715,382,10.8,36.1,110.9,88.5,93,84.4,462,168,396,136,12.4,35.6,32,8.4,5.5
Kelly, Carson,608348,236,14.3,39.8,109.1,88.9,92.4,85.3,428,193,399,95,14.5,40.3,20,8.5,5.5
Buxton, Byron,621439,206,20.3,32.5,113.6,90,94.9,86.4,454,200,408,79,14.3,38.3,16,7.8,5.4
Stevenson, Andrew,664057,19,12,31.6,103,84.6,88.8,83.9,393,142,,6,6.6,31.6,2,10.5,5.4
McMahon, Ryan,641857,322,8.8,36.6,112.9,91.9,95.8,89.1,479,167,415,154,13.8,47.8,29,9.0,5.4
Franco, Maikel,596748,331,14.8,24.2,114.1,89.1,93.4,88.2,433,164,410,127,16.3,38.4,23,6.9,5.4
d'Arnaud, Travis,518595,272,14.6,33.8,113.1,90,93.6,87.6,453,181,405,108,14.2,39.7,21,7.7,5.4
Benintendi, Andrew,643217,409,17.3,40.1,107.7,89.1,91.9,87.4,436,196,389,154,12.4,37.7,33,8.1,5.4
Seager, Corey,608369,395,14.3,35.2,109.7,88.8,93.3,84.1,441,191,403,149,15.3,37.7,29,7.3,5.4
Pham, Tommy,502054,445,5.2,29.7,113.3,90.9,95.4,88.4,458,151,406,200,20.0,44.9,35,7.9,5.4
Piscotty, Stephen,572039,277,12.5,31.8,111.2,89.2,92.6,86.2,418,174,395,111,14.6,40.1,21,7.6,5.3
Senzel, Nick,669222,275,10.9,32.0,107.6,87.7,92,85.6,422,163,390,104,13.0,37.8,22,8.0,5.3
Choo, Shin-Soo,425783,399,9.2,31.8,111.8,91.9,96.7,88.5,472,163,410,195,17.2,48.9,35,8.8,5.3
Higashioka, Kyle,543309,31,17.7,35.5,109.5,89.8,94.8,81.1,416,205,382,12,7.9,38.7,3,9.7,5.3
Lavarnway, Ryan,543432,13,10.6,38.5,104.3,87.9,94.1,78.1,428,217,395,5,13.9,38.5,1,7.7,5.3
Zimmerman, Ryan,475582,134,9.7,32.8,110.6,91.4,96.8,88.1,437,167,393,66,21.6,49.3,10,7.5,5.3
Urshela, Gio,570482,359,13.6,36.5,113.3,90.6,94.2,87.7,461,187,407,147,14.5,40.9,25,7.0,5.3
Beckham, Tim,542921,202,10.8,33.7,108.6,87.2,93.2,81.9,434,172,401,66,10.6,32.7,17,8.4,5.2
Suzuki, Kurt,435559,247,18.9,39.7,107.3,86,90.4,80.2,423,189,386,80,14.7,32.4,16,6.5,5.2
Moran, Colin,592567,353,12.5,37.1,110.1,88.2,93.3,84.6,422,171,393,121,12.5,34.3,26,7.4,5.2
Escobar, Eduardo,500871,516,18.4,38.6,106.9,87.8,91.1,83.8,433,213,393,162,11.5,31.4,36,7.0,5.2
Longoria, Evan,446334,346,14,35.8,110.3,89.7,93.2,86.8,438,186,406,141,14.9,40.8,26,7.5,5.1
Davis, Chris,448801,171,14.1,39.8,108.4,89.1,93.1,84,417,195,390,67,10.9,39.2,18,10.5,5.1
Rodríguez, Ronny,500135,199,16.2,29.1,111.1,88.9,93.7,85.6,454,190,396,80,14.0,40.2,15,7.5,5.1
Travis, Sam,607752,109,8,26.6,110.4,89.1,92.1,89.1,443,153,425,41,12.5,37.6,8,7.3,5.1
Guzmán, Ronald,608597,173,14.8,36.4,110.7,85.6,91.6,79.3,447,185,406,62,10.3,35.8,15,8.7,5.1
Maldonado, Martín,455117,250,12.7,26.0,110.1,88.1,93.6,85,425,160,383,85,13.2,34.0,19,7.6,5.1
Smith, Dominic,642086,133,15.1,36.8,108.5,88.3,91.9,85.8,435,184,399,46,12.4,34.6,10,7.5,5.1
Piña, Manny,444489,109,16.2,44.0,109.5,88.5,91.7,85,416,205,403,37,10.9,33.9,9,8.3,5.0
Thames, Eric,519346,258,19,36.0,110.5,90.9,93.5,87.4,432,210,396,111,12.5,43.0,23,8.9,5.0
Frazier, Todd,453943,341,17.1,34.6,108.4,88.3,92,85.8,437,187,392,129,15.1,37.8,25,7.3,5.0
Kingery, Scott,664068,314,17.8,39.2,111.4,88.4,93.5,83.4,437,198,389,122,12.3,38.9,25,8.0,5.0
Martin, Jason,641829,26,5.6,23.1,108.4,91,93.9,90.7,374,157,,13,16.9,50.0,2,7.7,5.0
Murphy, Sean,669221,37,7.3,40.5,111.1,90.7,96.6,87.8,448,189,393,14,11.6,37.8,3,8.1,5.0
Knapp, Andrew,595284,88,16.1,36.4,105.2,89.2,94.3,82.9,418,191,408,37,11.1,42.0,8,9.1,5.0
Romine, Austin,519222,180,10.9,29.4,111.4,88.5,92.2,87.5,446,159,399,72,14.6,40.0,12,6.7,5.0
Davis, Taylor,543089,14,7.8,42.9,103.9,87,87.2,86.9,416,176,416,2,4.7,14.3,1,7.1,5.0
Albies, Ozzie,645277,532,15.6,36.8,110.8,88.9,91.4,86.3,444,191,394,181,13.1,34.0,35,6.6,5.0
Morales, Kendrys,434778,145,9.5,29.0,111.2,91.3,94.3,89.4,417,155,408,65,19.8,44.8,10,6.9,5.0
Polanco, Jorge,593871,524,19.1,41.6,108.2,88,91.7,83.3,424,210,393,172,13.9,32.8,35,6.7,5.0
Hosmer, Eric,543333,461,2.1,29.1,114.3,90.8,94.1,88.9,432,139,402,212,16.6,46.0,33,7.2,4.9
Stewart, DJ,621466,101,12.9,26.7,111.7,87.9,96.4,83.9,408,161,394,35,13.0,34.7,7,6.9,4.9
Jones, Adam,430945,387,13.5,31.3,108.5,86.2,90.2,84.3,441,168,405,120,11.5,31.0,26,6.7,4.9
Turner, Trea,607208,410,9.9,29.8,113.5,90.4,93.1,89.7,453,160,408,172,16.5,42.0,28,6.8,4.9
Wieters, Matt,446308,123,13.8,31.7,106.4,88.8,92.3,84.8,428,194,385,42,12.4,34.1,9,7.3,4.9
Hedges, Austin,595978,206,21.6,32.0,108.7,86.7,92,81.7,449,195,403,67,9.6,32.5,17,8.3,4.9
Biggio, Cavan,624415,233,20.1,44.2,104.6,88.9,92.1,82.6,429,227,392,93,13.8,39.9,21,9.0,4.9
Castro, Starlin,516770,534,11,29.6,113.3,88.5,91.5,87.4,438,163,399,201,16.4,37.6,33,6.2,4.9
Aguilar, Jesús,542583,240,13.8,35.0,112.2,89.4,93.2,87.1,446,176,402,93,13.8,38.8,18,7.5,4.9
Lamb, Jake,571875,134,14.2,33.6,110.4,90.7,94.1,87.9,455,197,399,57,14.4,42.5,11,8.2,4.9
Culberson, Charlie,518586,93,13.2,39.8,107.7,88.3,93.3,84.3,437,181,392,28,9.2,30.1,7,7.5,4.9
Díaz, Aledmys,649557,188,12,28.2,109.9,88.3,92.9,86.1,424,165,377,63,15.5,33.5,12,6.4,4.9
Profar, Jurickson,595777,387,14,29.7,108.2,86.7,91.8,83.7,425,173,387,118,12.7,30.5,25,6.5,4.8
Martínez, José,500874,254,6.9,36.6,110.8,88.9,93.6,85.3,440,161,412,99,14.6,39.0,18,7.1,4.8
Federowicz, Tim,543148,47,19.2,42.6,105.2,90.4,93.3,86.5,434,207,426,20,12.5,42.6,4,8.5,4.8
McBroom, Ryan,643436,50,7.3,38.0,112.5,84.9,91.1,81.2,406,152,,18,12.4,36.0,4,8.0,4.8
Stewart, Christin,621514,272,19.1,37.1,112,86.9,91.6,81.1,419,198,402,92,11.5,33.8,20,7.4,4.8
Ahmed, Nick,605113,456,7.6,35.7,108.3,87.8,91.8,84.6,443,163,410,155,13.3,34.0,30,6.6,4.8
Ramírez, José,608070,414,19.8,32.6,112.1,89.2,91.8,87.7,431,201,397,148,16.1,35.7,26,6.3,4.8
Mercer, Jordy,474568,199,13.2,37.2,107.5,86.9,92.2,84.2,424,177,401,72,16.0,36.2,13,6.5,4.8
Bonifacio, Jorge,593528,13,15.5,46.2,105.7,89.1,92.5,87.3,390,188,,4,9.8,30.8,1,7.7,4.8
Calhoun, Willie,641432,258,17.6,35.3,111.9,89.7,92.9,90.1,434,193,393,105,16.7,40.7,16,6.2,4.7
Smith, Kevan,607345,155,5.7,37.4,110.1,89.5,91.4,87.8,427,155,392,64,17.9,41.3,10,6.5,4.7
Rizzo, Anthony,519203,429,12.6,36.8,113.4,89,92.5,87,472,178,401,158,14.0,36.8,29,6.8,4.7
Ramirez, Harold,623912,331,3.8,29.0,113,88.9,92,87.8,433,137,389,115,12.8,34.7,21,6.3,4.7
Dini, Nick,664926,40,24.4,35.0,106.6,89.7,94.1,83.7,395,221,390,16,12.3,40.0,3,7.5,4.7
Kieboom, Carter,666198,23,12.4,43.5,108.6,90.9,93.1,92.9,400,171,383,10,16.7,43.5,2,8.7,4.7
Nuñez, Dom,624513,23,25.7,26.1,106.2,87.5,93.3,79.9,424,240,421,6,8.7,26.1,2,8.7,4.7
Votto, Joey,458015,405,15.2,40.7,109.5,88.9,91.4,85.7,425,195,399,151,14.8,37.3,28,6.9,4.6
Pujols, Albert,405395,431,12.5,26.5,112.3,88.3,92.2,87.2,438,168,403,155,16.7,36.0,25,5.8,4.6
McCutchen, Andrew,457705,164,12.7,32.9,110.3,90.6,93.3,89.6,431,175,399,67,16.2,40.9,12,7.3,4.6
Reynolds, Bryan,668804,373,9.4,37.0,112.1,89.5,92.4,87.5,424,171,401,153,14.7,41.0,25,6.7,4.6
Russell, Addison,608365,160,9.1,33.1,107.2,86.9,90.3,84.6,414,166,395,45,9.8,28.1,11,6.9,4.6
Cabrera, Miguel,408234,390,12.3,38.2,111.4,90.3,92.3,89.1,453,174,396,173,17.2,44.4,25,6.4,4.6
Flaherty, Ryan,475247,15,8,33.3,106.2,96.1,98.7,96.9,387,120,,7,16.3,46.7,1,6.7,4.5
Gonzalez, Marwin,503556,328,11,35.1,109.2,90.7,94.5,87.9,437,174,403,144,16.2,43.9,21,6.4,4.5
Fowler, Dexter,451594,350,12.9,40.6,111.1,85.5,90.5,80.1,430,184,391,99,9.6,28.3,26,7.4,4.5
Verdugo, Alex,657077,300,9,33.7,111.3,89.4,93.1,88,459,163,400,117,17.9,39.0,17,5.7,4.5
Villar, Jonathan,542340,472,8.2,30.3,114,88.9,92.8,87.5,456,160,412,175,12.5,37.1,32,6.8,4.5
Díaz, Isan,656371,121,18.2,25.6,104,88.5,92.6,86.7,425,180,395,39,12.6,32.2,9,7.4,4.5
Gomes, Yan,543228,231,18.1,32.0,107.6,87.6,91.6,84.6,447,191,406,83,11.8,35.9,16,6.9,4.5
Walker, Neil,435522,261,11.7,40.6,106.2,86.2,89.1,83.5,428,179,400,81,11.6,31.0,17,6.5,4.5
Vázquez, Christian,543877,387,13.2,37.5,107.4,89.4,92.8,86.5,443,188,387,152,15.1,39.3,23,5.9,4.4
Gosselin, Phil,594838,49,15.1,30.6,105.7,88.6,91.1,86.8,392,183,,18,15.0,36.7,3,6.1,4.4
Delmonico, Nicky,547170,38,15.9,28.9,110.2,87,90.2,89.7,402,166,402,13,9.6,34.2,3,7.9,4.4
Granderson, Curtis,434158,221,19.4,38.5,107,88.8,92.9,82.8,439,201,393,77,12.4,34.8,16,7.2,4.4
Brantley, Michael,488726,513,10.6,36.3,108.9,88.8,92.4,87.1,438,167,394,187,18.5,36.5,28,5.5,4.4
La Stella, Tommy,600303,264,13.3,35.2,105.9,88.2,92.7,85.3,433,173,397,83,16.3,31.4,14,5.3,4.4
Gregorius, Didi,544369,273,17.9,28.9,110.8,88.2,91.6,88.5,413,187,390,95,12.5,34.8,15,5.5,4.4
Dozier, Brian,572821,312,19,32.4,106.6,88.5,92.9,84.6,435,191,394,110,13.8,35.3,21,6.7,4.4
Arozarena, Randy,668227,16,5.6,18.8,107.8,90.7,100.5,87.3,389,128,389,6,13.6,37.5,1,6.3,4.3
Wade Jr., LaMonte,664774,47,11.6,34.0,106.6,88.7,94.1,85.6,416,179,409,19,20.7,40.4,3,6.4,4.3
Syndergaard, Noah,592789,19,21.7,31.6,108.4,88.2,95,81.4,407,224,406,8,5.6,42.1,3,15.8,4.3
Chirinos, Robinson,455139,248,16.9,35.5,107.8,87,92.8,80.4,431,182,395,90,11.1,36.3,19,7.7,4.3
McKinney, Billy,641856,182,15.2,31.3,110.8,86.7,92.1,83.7,415,173,384,58,12.1,31.9,12,6.6,4.3
Naylor, Josh,647304,190,4.5,30.0,115.1,89.6,93.6,88.1,448,146,404,69,13.5,36.3,12,6.3,4.3
Guillorme, Luis,641645,49,16.8,32.7,103.4,87,89.7,85.2,405,170,405,13,11.1,26.5,3,6.1,4.3
Stallings, Jacob,607732,152,11.4,28.3,106.1,89.2,92.4,87.1,413,164,395,56,15.0,36.8,9,5.9,4.3
Carpenter, Matt,572761,293,19,36.2,108.9,88,91.8,81.8,442,206,406,89,10.2,30.4,21,7.2,4.3
Herrmann, Chris,543302,56,6.7,26.8,105,88.7,91.5,87.9,407,134,407,18,10.2,32.1,4,7.1,4.3
Dean, Austin,621573,133,9.4,33.8,113.1,88.7,92.1,86.1,418,164,389,52,14.8,39.1,8,6.0,4.2
Flores, Wilmer,527038,235,16.4,36.6,106.3,87.4,89.3,86.7,422,179,392,72,14.2,30.6,12,5.1,4.2
Hicks, John,543308,211,16.2,34.1,112.5,87.9,93.6,83.9,447,175,395,63,8.2,29.9,14,6.6,4.2
Joyce, Matt,459964,155,16.8,38.1,106.7,87.7,90.5,84.3,395,192,383,52,12.1,33.5,10,6.5,4.2
Long Jr., Shed,643418,112,11.1,28.6,107.7,87.6,91.1,86.1,404,152,377,40,13.4,35.7,7,6.3,4.2
Ward, Taylor,621493,19,11.2,47.4,105.7,91.7,93.8,90.1,406,199,406,10,11.9,52.6,2,10.5,4.2
Jansen, Danny,643376,270,16.3,31.9,111.4,88.9,92.6,87.7,430,186,409,108,15.8,40.0,16,5.9,4.2
Taylor, Michael A.,572191,56,8.9,32.1,111,91.5,97.6,86.8,398,169,398,24,13.2,42.9,4,7.1,4.1
McCann, Brian,435263,230,11.4,32.2,108.2,88.8,92.5,87.4,426,168,396,81,14.5,35.2,13,5.7,4.1
Kipnis, Jason,543401,381,14.1,33.1,107.1,88.1,91.2,85.4,449,182,393,130,14.3,34.1,21,5.5,4.1
Beaty, Matt,607461,216,10.3,28.2,114.3,89.4,92.7,88.7,430,162,399,87,19.3,40.3,11,5.1,4.1
Bradley, Bobby,656252,25,10.1,32.0,113.5,91.9,98.8,84.9,457,167,457,10,10.5,40.0,2,8.0,4.1
Reed, AJ,607223,24,20.5,20.8,106.7,88.3,92.8,85.1,436,170,436,8,8.3,33.3,2,8.3,4.1
Harrison, Josh,543281,112,19.6,32.1,105,86.3,89.5,84.3,417,186,417,33,10.7,29.5,6,5.4,4.1
Puello, César,527049,88,-3.5,28.4,110.4,86.3,93.2,82.4,432,121,400,23,9.1,26.1,6,6.8,4.1
Hechavarría, Adeiny,588751,156,11.8,30.8,105.9,87.6,92.6,84.5,422,175,386,46,10.5,29.5,9,5.8,4.1
Tauchman, Mike,643565,190,11.3,39.5,109.8,88.7,91.4,87.7,413,181,381,74,13.4,38.9,12,6.3,4.1
Cordell, Ryan,641477,156,19.2,25.6,109.2,88.8,94.6,86.2,450,184,408,50,10.5,32.1,10,6.4,4.0
Pillar, Kevin,607680,529,14.1,33.1,111.7,86.4,90.8,84,440,166,400,163,13.1,30.8,26,4.9,4.0
Edman, Tommy,669242,265,14.2,37.4,110.1,87.4,90.6,85.8,421,178,387,89,13.6,33.6,14,5.3,4.0
Hays, Austin,669720,55,11.5,47.3,108.5,91,93,89.1,403,196,390,23,17.0,41.8,3,5.5,4.0
Chacín, Jhoulys,468504,14,22,21.4,107.4,88.2,94,90.7,405,140,405,4,8.9,28.6,1,7.1,4.0
Kramer, Kevin,596012,27,20.1,40.7,107,86.2,89.6,80.3,388,216,,10,9.3,37.0,2,7.4,4.0
France, Ty,664034,136,15.1,31.6,110.4,88.9,92,88.2,424,169,382,58,14.8,42.6,8,5.9,4.0
O'Neill, Tyler,641933,88,19.9,29.5,111.8,89,94,85.9,433,180,411,32,10.2,36.4,6,6.8,4.0
Kiermaier, Kevin,595281,345,6.9,26.4,111.4,89.2,93.3,88.3,437,148,403,130,13.4,37.7,19,5.5,4.0
Gordon, Alex,460086,463,9.3,33.7,110.6,88.7,92.5,85.5,454,171,399,178,15.8,38.4,25,5.4,3.9
Rengifo, Luis,650859,268,9.6,31.0,108.6,87.1,90.6,85.4,427,154,411,79,10.7,29.5,16,6.0,3.9
Goodwin, Brian,571718,288,18.4,38.5,111.4,87.6,91.1,83.5,453,202,397,94,11.3,32.6,18,6.3,3.9
Hernández, Enrique,571771,321,19.4,35.5,113.3,88.3,91.8,86.7,432,190,398,110,12.6,34.3,18,5.6,3.9
Heyward, Jason,518792,406,11.3,31.8,111.8,88.8,91.2,88.2,427,169,391,147,14.5,36.2,23,5.7,3.9
Galvis, Freddy,520471,415,14.7,31.8,105.6,88.8,91.3,87.4,434,179,388,151,12.2,36.4,23,5.5,3.9
Cabrera, Asdrúbal,452678,351,14.4,37.3,108.4,89.1,93.2,85.2,416,192,390,124,13.1,35.3,20,5.7,3.9
Anderson, Tim,641313,391,8.7,37.6,107.8,88.3,90.7,86.7,440,169,398,148,14.3,37.9,20,5.1,3.9
Osuna, José,591741,217,9.8,32.3,110.2,89.2,92.8,86.7,445,175,409,80,14.8,36.9,11,5.1,3.9
Gerber, Mike,595222,9,6.2,11.1,108.1,90.2,91.9,89.4,364,117,,4,6.5,44.4,1,11.1,3.8
Davis, Rajai,434658,20,12.8,35.0,104.1,87,91.4,86.1,382,145,382,6,10.0,30.0,1,5.0,3.8
Rojas, Josh,668942,97,10.3,38.1,107.4,89,95.5,83.7,429,169,401,41,14.7,42.3,6,6.2,3.8
Goodrum, Niko,592348,287,13,37.3,109.4,89.3,92.5,86.8,419,178,381,119,12.6,41.5,18,6.3,3.8
Casali, Curt,592200,151,18.5,42.4,104.1,87.2,89.5,83.4,420,211,389,45,10.8,29.8,9,6.0,3.8
Martin, Leonys,547982,161,16.9,27.3,110.1,87.3,91.9,84.8,436,167,403,44,8.1,27.3,10,6.2,3.8
Peralta, David,444482,296,6.4,29.1,113.2,90.1,94.5,88,448,151,409,121,15.4,40.9,16,5.4,3.8
Crawford, Brandon,543063,387,8.3,36.7,106.7,87.8,92.8,83.9,443,163,401,136,12.2,35.1,21,5.4,3.8
Cervelli, Francisco,465041,101,12,35.6,106.8,86.9,91.3,83,431,179,397,32,11.8,31.7,6,5.9,3.8
Narváez, Omar,553882,339,17.9,40.4,106.1,85.5,88.8,82.3,420,195,385,93,9.9,27.4,18,5.3,3.7
Shaw, Travis,543768,141,24.5,34.0,113,89.1,93.3,86.1,449,205,416,53,10.1,37.6,10,7.1,3.7
McNeil, Jeff,643446,436,13.8,34.2,107.2,89,92.2,87.1,444,175,392,160,12.9,36.7,21,4.8,3.7
Wade, Tyler,642180,68,12.8,27.9,106.9,86.9,87.9,87.5,400,155,380,19,10.4,27.9,4,5.9,3.7
Galloway, Isaac,543194,37,15.2,37.8,107.2,85.6,94.6,83.3,401,153,,10,9.7,27.0,2,5.4,3.7
Thaiss, Matt,642136,95,15.9,34.7,106.6,89.1,93.4,84.9,405,194,385,41,12.8,43.2,6,6.3,3.7
Lux, Gavin,666158,51,13.2,37.3,109.8,88.8,89.2,89,419,183,410,20,13.9,39.2,3,5.9,3.7
Perez, Michael,605421,27,15.5,33.3,105.9,92.5,95.8,88.7,409,204,,13,14.8,48.1,2,7.4,3.6
Candelario, Jeimer,600869,237,15.8,32.9,114.2,88.2,92.2,86.1,467,187,401,80,11.3,33.8,14,5.9,3.6
Ramos, Wilson,467092,407,-0.1,25.8,111,90,93.8,88.8,427,120,390,173,18.7,42.5,19,4.7,3.6
González, Carlos,471865,95,1.4,28.4,114,87.6,92,85.5,404,136,382,33,10.3,34.7,6,6.3,3.6
Posey, Buster,457763,336,9.1,32.4,107.6,88.6,92.6,85.6,435,161,399,122,14.7,36.3,16,4.8,3.6
Alonso, Yonder,475174,224,14.1,32.6,108.5,88.1,92.2,86.1,422,170,394,88,13.6,39.3,12,5.4,3.6
Almora Jr., Albert,546991,284,8.5,31.0,111.7,86.3,90.9,84.9,445,152,408,78,11.5,27.5,13,4.6,3.6
Chang, Yu,644374,51,9.9,25.5,108.8,87.9,94,83.2,432,162,432,16,10.0,31.4,3,5.9,3.6
Owings, Chris,572008,102,8.5,25.5,106.9,86.9,93.1,83.5,393,149,380,32,9.2,31.4,7,6.9,3.6
Williams, Nick,608384,63,10.9,41.3,109.9,86.7,88.7,84.9,435,180,427,19,7.9,30.2,4,6.3,3.6
Greiner, Grayson,606988,140,12.7,28.6,107.8,86.7,91.4,84.9,399,155,378,45,11.3,32.1,8,5.7,3.6
Anderson, Shaun,641312,8,19.4,12.5,108.9,85.6,90.2,84.4,370,144,,1,1.8,12.5,1,12.5,3.6
Farmer, Kyle,571657,125,17.1,32.0,106.7,85.4,90.5,82.8,414,174,385,35,8.3,28.0,7,5.6,3.6
Moore, Dylan,664238,155,19.2,30.3,106.4,88.4,92.4,86.4,432,182,401,56,10.9,36.1,10,6.5,3.5
Nimmo, Brandon,607043,132,12.2,35.6,109.9,89.3,92.7,85.5,413,182,390,47,10.7,35.6,9,6.8,3.5
Ramirez, Hanley,434670,32,6.3,50.0,113.8,88.9,95,82.7,416,170,414,14,13.2,43.8,2,6.3,3.5
Arroyo, Christian,624414,33,5.3,27.3,109.4,84.4,88.6,80.2,409,152,404,8,6.5,24.2,2,6.1,3.5
Nido, Tomás,621512,100,7.6,23.0,106.7,87.4,93.6,84.7,428,145,398,30,10.6,30.0,5,5.0,3.5
Lugo, Dawel,608475,218,7.9,36.2,109.7,86.8,89.2,85,442,159,390,77,13.9,35.3,10,4.6,3.5
Plawecki, Kevin,608700,128,15.3,26.6,109.4,85.6,91.1,83,406,163,396,41,13.5,32.0,6,4.7,3.4
Taylor, Chris,621035,258,13.8,39.1,108.3,86,90,81,426,185,399,82,9.6,31.8,14,5.4,3.4
Bote, David,623520,212,7.7,34.9,113.8,89.7,93.1,87.8,469,164,404,77,11.8,36.3,12,5.7,3.4
Toro, Abraham,647351,60,7.5,31.7,106.2,86.9,92.6,82.9,390,159,382,21,13.7,35.0,3,5.0,3.4
Cuthbert, Cheslor,596144,242,14.9,31.0,111.4,88.9,91.7,89.7,446,168,398,91,14.5,37.6,11,4.5,3.3
Alford, Anthony,546990,17,13.6,11.8,107,86.1,88.7,85.5,424,142,424,5,8.9,29.4,1,5.9,3.3
Bregman, Alex,608324,479,19.6,35.7,107.4,89.3,92.3,88,440,204,382,178,17.4,37.2,23,4.8,3.3
Parra, Gerardo,467827,218,10.2,35.8,105.3,86.2,89.8,83.2,413,162,391,47,8.8,21.6,10,4.6,3.3
Neuse, Sheldon,641914,38,10,36.8,109.4,90.6,94.1,87,381,163,,18,14.5,47.4,2,5.3,3.3
Quinn, Roman,596451,75,11.7,22.7,106.7,88.9,94.8,89.1,439,150,414,27,14.1,36.0,4,5.3,3.3
Mejía, Francisco,642336,171,19.7,31.6,109.6,88.4,91.9,87.5,422,186,391,51,10.0,29.8,8,4.7,3.3
Grisham, Trent,663757,111,15.7,33.3,107,87.6,91.1,83.7,403,187,387,36,12.5,32.4,6,5.4,3.3
Musgrove, Joe,605397,40,11.3,27.5,105.8,86.8,91.2,80.6,379,194,,11,10.0,27.5,2,5.0,3.3
Forsythe, Logan,523253,219,12.3,39.7,107.1,89.2,92.7,85.2,432,185,399,87,16.0,39.7,12,5.5,3.3
Merrifield, Whit,593160,559,15.6,42.0,104.8,87,90.6,82.9,434,186,388,161,11.8,28.8,24,4.3,3.3
Robles, Victor,645302,417,16.7,34.5,110.5,83.3,88.6,78.1,446,171,401,96,8.6,23.0,20,4.8,3.2
Palka, Daniel,594953,49,15,22.4,115.2,87.4,94.3,86.7,439,139,424,17,8.5,34.7,3,6.1,3.2
Engel, Adam,641553,150,11.1,33.3,111.4,86.4,90.4,84,415,164,404,45,9.4,30.0,8,5.3,3.2
Martin, Russell,431145,151,11.2,25.8,107.5,88.2,92.2,87.1,445,148,416,50,11.6,33.1,8,5.3,3.2
Rosario, Amed,642708,497,8.8,35.0,110.3,89.4,91.7,88.2,428,162,396,195,15.7,39.2,21,4.2,3.2
Tucker, Cole,657061,108,6.6,28.7,107.2,87.9,92.2,84.9,431,157,412,38,12.7,35.2,5,4.6,3.1
Winker, Jesse,608385,278,7.2,32.0,110.8,89.2,93.6,86.1,415,160,381,111,16.5,39.9,12,4.3,3.1
Ortega, Rafael,542364,66,13.9,34.8,105.6,86.6,90.2,83.8,416,177,403,18,8.6,27.3,3,4.5,3.1
Arcia, Orlando,606115,393,6.6,26.5,109.9,87.9,91.4,85.9,434,152,393,121,12.1,30.8,17,4.3,3.1
Mercado, Oscar,640458,365,14.9,33.4,109.5,88,90.9,86,407,183,385,124,14.1,34.0,15,4.1,3.1
Maile, Luke,571912,88,13.2,31.8,105.2,84.7,91.6,80.3,403,157,380,25,11.0,28.4,4,4.5,3.1
Molina, Yadier,425877,366,13.9,40.7,106.2,87.4,91.7,83.4,429,180,400,125,13.9,34.2,14,3.8,3.1
Reynolds, Mark,448602,81,17.5,33.3,109.1,88.9,92.6,85,439,192,415,30,10.1,37.0,5,6.2,3.1
Mayfield, Jack,608686,48,18.9,29.2,104.9,85.6,88.5,82,393,194,391,10,7.7,20.8,2,4.2,3.1
Ervin, Phillip,640447,175,14.4,37.1,111.6,85,89.9,80.8,436,179,398,52,10.0,29.7,8,4.6,3.1
Bauers, Jake,641343,260,15,31.9,109.5,88.1,91,87,450,176,393,86,11.7,33.1,13,5.0,3.1
Solano, Donovan,456781,168,14.5,46.4,109.6,87,90.9,82.8,445,184,418,72,15.7,42.9,7,4.2,3.1
Cain, Lorenzo,456715,460,6.8,31.1,110.4,89.4,91.6,89.1,433,148,403,190,16.9,41.3,19,4.1,3.0
Pearce, Steve,456665,59,12.8,35.6,107.3,88.5,93.6,84,399,176,399,20,9.5,33.9,3,5.1,3.0
Swihart, Blake,596119,56,12.2,33.9,107.3,85.7,88.3,83.2,415,182,402,16,7.4,28.6,3,5.4,3.0
Altherr, Aaron,571437,37,16.8,32.4,113.5,85.3,88.7,79,420,183,420,8,5.8,21.6,2,5.4,3.0
Ryu, Hyun Jin,547943,40,4,17.5,107.5,86.9,87.8,86.3,389,128,389,6,6.8,15.0,2,5.0,3.0
Gyorko, Jedd,576397,68,16.3,26.5,107,85.8,92,82.7,435,167,424,22,11.3,32.4,3,4.4,3.0
Garneau, Dustin,572863,64,20.7,20.3,106,84.5,86.8,85.3,413,168,399,16,8.6,25.0,3,4.7,3.0
Spangenberg, Cory,605486,60,0.7,26.7,106.3,85.1,95.4,81,393,123,385,14,6.5,23.3,3,5.0,2.9
Gurriel, Yuli,493329,505,14.3,33.5,110.6,89.3,91.4,90.4,450,175,384,189,18.2,37.4,18,3.6,2.9
Roark, Tanner,543699,21,7.3,33.3,100.6,85.3,89.2,81.1,355,166,,3,4.8,14.3,1,4.8,2.9
Estrada, Thairo,642731,50,7.3,28.0,106.2,88.6,93.8,85.7,417,153,392,20,18.0,40.0,2,4.0,2.9
Barnes, Austin,605131,158,16.4,27.8,108.9,87.2,91.1,85.4,403,177,393,46,12.5,29.1,7,4.4,2.9
Rodríguez, Sean,446481,76,13.5,28.9,111.9,88.3,94.6,84.1,414,170,380,28,10.9,36.8,4,5.3,2.9
Herrera, Odúbel,546318,94,11,36.2,112.8,88,89.4,87.5,393,177,393,29,10.5,30.9,4,4.3,2.9
Moroff, Max,621559,17,27.8,35.3,106.8,90.4,91.9,95.8,360,186,360,6,8.8,35.3,1,5.9,2.9
McGuire, Reese,624512,79,13.1,40.5,104.5,86.7,90.1,84.1,415,182,385,19,9.8,24.1,3,3.8,2.9
Duggar, Steven,621453,186,9,35.5,106.8,85.7,90.5,82.4,408,152,400,61,11.6,32.8,8,4.3,2.8
Pérez, Hernán,541650,169,9.3,27.8,111.8,88.5,92.6,87.3,399,153,382,60,12.3,35.5,7,4.1,2.8
Vargas, Ildemaro,545121,178,3.5,25.8,107.3,87.3,89.3,86.6,426,136,397,54,15.7,30.3,6,3.4,2.8
Camargo, Johan,622666,190,11.1,33.7,114.4,86.9,89.5,86.7,416,162,389,60,12.3,31.6,7,3.7,2.8
Saladino, Tyler,573135,39,4.7,30.8,109.4,88.2,93.1,85.2,419,155,410,16,14.0,41.0,2,5.1,2.8
Brosseau, Mike,670712,94,14.3,31.9,108.3,86.5,92.9,80.6,411,187,389,34,11.0,36.2,4,4.3,2.8
Urías, Luis,649966,159,10.1,30.8,105.5,87.3,91,84.9,441,157,395,50,11.5,31.4,7,4.4,2.8
Smith Jr., Dwight,596105,280,7.3,30.4,114.3,89.1,92,88,442,159,403,110,16.2,39.3,11,3.9,2.8
López, Pablo,641154,17,11.2,35.3,105.3,88.8,94.6,86.4,393,180,,4,5.6,23.5,1,5.9,2.8
Peterson, Jace,607054,77,9.5,37.7,109.6,88.4,90.8,85.8,429,179,403,20,9.7,26.0,3,3.9,2.8
García, Leury,544725,452,6.2,30.3,108.5,88.2,90.8,86.6,431,145,408,135,11.6,29.9,17,3.8,2.8
Eaton, Adam,594809,472,15.3,33.9,110.7,88.9,91.6,88,444,185,392,162,14.1,34.3,18,3.8,2.7
Gardner, Brett,458731,386,13.9,28.8,109.7,87.7,91.7,85.7,430,167,382,124,13.6,32.1,15,3.9,2.7
Reddick, Josh,502210,445,15.8,36.0,107.7,86.1,88.8,85.3,436,175,386,128,12.6,28.8,15,3.4,2.7
Castro, Harold,605612,274,8.5,36.1,105,87.2,91.6,83.4,400,150,389,77,11.0,28.1,10,3.6,2.7
VanMeter, Josh,642165,173,15.6,37.0,106.9,90.1,93.3,87.4,463,197,405,64,15.1,37.0,7,4.0,2.7
Tapia, Raimel,606132,326,7.5,36.5,107.1,87.6,90,86,440,160,403,103,10.9,31.6,12,3.7,2.7
Broxton, Keon,542979,103,10.3,28.2,109.4,88.1,93.2,85.2,474,165,407,31,7.1,30.1,6,5.8,2.6
Bumgarner, Madison,518516,27,15.3,22.2,109.9,91,93,89,388,181,378,13,9.2,48.1,2,7.4,2.6
Almonte, Abraham,501659,23,9.2,39.1,111.9,89.7,96.4,86.8,437,150,437,10,14.3,43.5,1,4.3,2.6
Andrus, Elvis,462101,514,7.2,32.5,110.2,88.4,90.6,87.6,447,154,402,180,15.4,35.0,17,3.3,2.6
Segura, Jean,516416,507,7.2,31.0,113.1,88.2,90.6,87.8,427,151,389,166,15.8,32.7,16,3.2,2.6
Descalso, Daniel,518614,113,11.4,31.9,105.7,88.8,93.2,85.8,421,173,407,35,10.7,31.0,5,4.4,2.6
Solarte, Yangervis,500208,58,6.9,37.9,109.9,82.9,84.3,83.9,350,133,350,13,8.3,22.4,2,3.4,2.6
Reyes, Pablo,622569,107,12.2,24.3,111.4,88.2,90.6,88.4,417,174,412,31,11.0,29.0,4,3.7,2.5
Alberto, Hanser,593643,480,11.9,32.5,103.6,84.4,86.9,83.2,418,159,395,89,8.7,18.5,14,2.9,2.5
Adrianza, Ehire,501303,168,14.9,37.5,106.9,86.6,90.4,83.2,428,169,406,47,11.1,28.0,6,3.6,2.5
Gutiérrez, Kelvin,642721,50,-1.8,26.0,110.6,90.1,92.9,89.6,352,122,352,20,14.6,40.0,2,4.0,2.5
Phillips, Brett,621433,46,14,21.7,106.7,87.6,91.6,83.2,378,181,362,11,8.0,23.9,2,4.3,2.5
Marisnick, Jake,545350,200,11.5,27.0,111.6,86.7,91.9,84.2,432,158,392,62,9.4,31.0,8,4.0,2.5
Margot, Manuel,622534,313,14.2,28.4,109.6,87.7,91,88,417,155,391,109,14.5,34.8,11,3.5,2.5
Haseley, Adam,656514,163,5,29.4,105.6,87.3,91.2,85.6,411,134,398,47,9.7,28.8,6,3.7,2.5
Rodgers, Brendan,663898,49,7.2,20.4,111.1,86.9,94.1,82.8,356,136,,16,9.9,32.7,2,4.1,2.5
Astudillo, Willians,553902,186,15.3,38.2,107.4,85.8,88.6,85.5,420,177,392,57,16.3,30.6,5,2.7,2.5
Hampson, Garrett,641658,215,13.1,30.2,107.2,85.8,89.2,84.2,436,156,397,56,10.6,26.0,8,3.7,2.4
Berti, Jon,542932,184,5.2,32.1,111.9,86.9,92.1,84.3,451,140,400,70,14.4,38.0,7,3.8,2.4
Bird, Greg,595885,19,7.8,31.6,108,85.3,91.5,78.4,408,169,408,7,7.8,36.8,1,5.3,2.4
Negrón, Kristopher,502117,51,9.9,33.3,103.3,84.8,89.1,80.9,416,168,400,12,7.4,23.5,2,3.9,2.4
Fraley, Jake,641584,26,31.4,26.9,106.1,83.4,88.3,83,374,187,,4,4.7,15.4,1,3.8,2.4
Brinson, Lewis,621446,155,10,25.8,112.1,87,90.4,85.9,426,148,,51,10.0,32.9,6,3.9,2.4
Markakis, Nick,455976,361,7.3,34.1,114.7,91.2,92.5,91,418,159,392,160,20.4,44.3,11,3.0,2.3
Lopes, Tim,621005,83,8.7,39.8,103.7,85,90.4,80.4,397,167,397,20,8.4,24.1,3,3.6,2.3
Rogers, Jake,668670,63,19.7,27.0,103.1,83,89.4,74.8,408,190,395,13,5.5,20.6,3,4.8,2.3
Phegley, Josh,572033,258,17.4,34.5,106.3,84.1,89.1,78.7,413,187,382,62,10.3,24.0,8,3.1,2.3
Valaika, Pat,642162,45,20,31.1,110.1,88.8,91.1,88,414,192,414,14,7.9,31.1,2,4.4,2.3
Brito, Sócrates,593647,22,-2.1,22.7,106.3,88,89.7,87,392,130,,9,10.8,40.9,1,4.5,2.3
Crawford, J.P.,641487,268,12.4,34.7,108.6,85,87.3,84,427,158,384,66,9.0,24.6,9,3.4,2.3
Gamel, Ben,592325,209,9.9,35.4,111.1,88.2,91.2,85.4,421,172,377,78,12.9,37.3,8,3.8,2.2
Nola, Austin,543592,177,16.3,35.0,107.6,87.4,90.7,86.4,407,177,374,63,14.2,35.6,6,3.4,2.2
Wilkerson, Stevie,592859,224,11.1,33.5,104.9,86.3,91,83.5,423,163,392,68,10.1,30.4,8,3.6,2.2
Arraez, Luis,650333,300,11.4,41.7,102.2,87.1,89.2,85.3,402,175,388,68,10.9,22.7,8,2.7,2.2
Garcia, Aramis,605244,21,21.6,38.1,104.4,87.3,92.1,75.4,404,239,370,7,7.1,33.3,1,4.8,2.2
Bourjos, Peter,488721,30,20.9,23.3,109.8,85.1,88.8,79.6,387,204,,5,5.6,16.7,1,3.3,2.2
Demeritte, Travis,641513,108,16.1,28.7,110.2,91.2,93.9,90.2,434,180,395,50,14.0,46.3,4,3.7,2.2
White, Tyler,643603,165,12.4,30.9,111.4,86,89.2,83.3,418,175,386,49,9.5,29.7,6,3.6,2.2
Lucroy, Jonathan,518960,245,12.5,31.0,108.3,86.9,90.2,85.6,434,165,418,77,14.5,31.4,7,2.9,2.1
O'Brien, Peter,598284,23,13.9,21.7,108.6,92,99.5,84.1,413,177,413,10,11.2,43.5,1,4.3,2.1
Davis, Jaylin,664041,31,1.1,32.3,106.8,87.9,86.1,88.7,416,121,416,12,13.0,38.7,1,3.2,2.1
Peterson, Dustin,640460,30,11,23.3,105.9,84.5,89.3,80.6,370,133,,11,10.5,36.7,1,3.3,2.1
Rickard, Joey,572073,118,17.6,32.2,103.4,84.7,88.7,81.6,427,172,371,25,6.8,21.2,4,3.4,2.1
Lagares, Juan,501571,186,11.2,33.3,108.6,88.3,90.1,88,423,160,386,63,11.9,33.9,6,3.2,2.1
Schebler, Scott,594988,54,7.2,18.5,108.4,86.5,91.9,84.9,403,134,384,13,6.8,24.1,2,3.7,2.1
Davis, Jonathan,641505,61,11.6,34.4,105,84.6,90,77.7,411,179,396,14,7.9,23.0,2,3.3,2.1
Hernández, César,514917,516,9.5,32.0,108.4,86,88.5,85.6,424,149,391,146,12.3,28.3,14,2.7,2.1
Rojas, Miguel,500743,427,9.1,31.6,109.2,87.4,89.3,86.3,415,157,399,123,14.0,28.8,11,2.6,2.1
Williamson, Mac,607776,84,8.8,28.6,110.6,85.4,89.7,84,444,144,401,28,9.7,33.3,3,3.6,2.1
Stamets, Eric,608715,19,24.5,36.8,104.3,86.3,93,79.2,368,192,,4,4.3,21.1,1,5.3,2.1
Lauer, Eric,641778,23,14.3,30.4,103.8,85.2,89.9,79.9,383,184,,3,4.3,13.0,1,4.3,2.1
Stassi, Max,545358,85,12.4,21.2,106.4,89.3,93.8,89.3,366,144,366,34,13.4,40.0,3,3.5,2.0
Blandino, Alex,607468,24,12.4,41.7,107.3,90.1,94.3,85.1,405,183,405,8,11.9,33.3,1,4.2,2.0
Brault, Steven,643230,41,5.9,29.3,105.4,85.1,85.9,86.5,441,135,441,10,11.1,24.4,1,2.4,2.0
Allen, Greg,656185,183,9.2,26.8,105.9,87.3,90,86.1,439,151,394,56,11.9,30.6,5,2.7,2.0
Ruiz, Rio,547004,285,11.3,33.7,107.8,88.4,93.3,85.1,427,161,388,104,14.0,36.5,8,2.8,1.9
Barnhart, Tucker,571466,235,11.8,32.8,107.5,86.4,90.2,84.2,415,167,380,63,9.6,26.8,7,3.0,1.9
González, Erik,570481,109,4.5,28.4,112.8,87.4,91.2,86.2,401,127,401,30,10.5,27.5,3,2.8,1.9
Rondón, José,602922,106,8.1,33.0,110.9,87.3,90.4,85.9,385,149,378,34,11.1,32.1,3,2.8,1.9
Tilson, Charlie,605508,106,4.9,29.2,107.9,86.9,89.8,85.6,404,141,404,33,11.4,31.1,3,2.8,1.9
Lorenzen, Michael,547179,31,0.2,25.8,108.1,96.5,99.2,94.7,387,132,387,18,14.4,58.1,1,3.2,1.9
Iglesias, José,578428,437,7.1,29.7,107.7,84.1,87.3,83.2,423,138,389,102,9.5,23.3,10,2.3,1.9
Murphy, Daniel,502517,368,14.8,36.7,106.4,86.3,89.3,84.1,419,181,388,104,11.8,28.3,9,2.4,1.9
Díaz, Elias,553869,251,9.2,29.5,113.9,88.1,89.3,89.8,398,150,393,86,13.2,34.3,6,2.4,1.8
Dubón, Mauricio,643289,86,9.5,36.0,106.2,84.8,91,81.8,386,162,373,17,7.2,19.8,2,2.3,1.8
Fuentes, Joshua,658069,35,7.4,40.0,103.2,84.5,87.7,80.3,409,176,390,8,6.3,22.9,1,2.9,1.8
Bemboom, Anthony,621532,34,22.7,17.6,107,83.7,85.7,84.6,422,165,422,7,6.6,20.6,1,2.9,1.8
Cabrera, Melky,466320,338,8.9,32.8,110.2,88.2,89.9,88.4,433,154,394,111,15.7,32.8,7,2.1,1.8
Hernández, Gorkys,491676,38,11.5,34.2,106.8,80.5,86.7,77.6,375,171,,9,7.3,23.7,1,2.6,1.8
Heredia, Guillermo,628338,147,12.9,32.7,108.3,86.6,88.3,88.2,433,163,391,51,11.8,34.7,4,2.7,1.7
Knizner, Andrew,668800,39,7.3,17.9,108.2,88.1,93.4,87.4,414,132,391,13,12.4,33.3,1,2.6,1.7
Márquez, Germán,608566,44,9.4,27.3,104.6,81.1,85.4,78.3,385,151,,6,6.0,13.6,1,2.3,1.7
Newman, Kevin,621028,434,8.5,33.4,107.1,85.3,87.9,83.7,426,151,399,107,11.2,24.7,9,2.1,1.7
Herrera, Rosell,594011,79,11.8,26.6,108.2,87.9,87.5,89.5,430,153,409,22,10.6,27.8,2,2.5,1.7
Grossman, Robbie,543257,336,12.1,36.0,110.6,87.7,90,86.3,423,176,389,103,14.2,30.7,8,2.4,1.7
Matz, Steven,571927,44,8.1,27.3,105.5,83.6,86.3,82.1,391,165,391,8,8.8,18.2,1,2.3,1.6
Wong, Kolten,543939,406,12.6,28.6,107.7,86.1,89.3,85.1,432,168,396,102,10.7,25.1,9,2.2,1.6
Panik, Joe,605412,397,12.8,34.0,106.2,86.8,89.6,85.3,414,174,390,102,13.0,25.7,8,2.0,1.6
Martin, Richie,621006,206,9.4,29.6,107.1,83.2,88.4,81.3,410,141,391,52,8.1,25.2,5,2.4,1.6
Darvish, Yu,506433,29,-2.3,13.8,108.8,89.4,88.9,89.6,336,100,,11,11.1,37.9,1,3.4,1.6
Kemp, Matt,461314,42,13.6,35.7,104.7,87.3,92.6,81.5,349,187,349,12,9.6,28.6,1,2.4,1.6
Garcia, Greg,594824,231,4.3,29.0,108.3,85.8,88.7,84,421,131,389,62,11.5,26.8,6,2.6,1.6
Trevino, Jose,624431,96,8.3,29.2,107.5,86.8,89.5,85.8,391,163,383,34,14.6,35.4,2,2.1,1.6
Alcantara, Sandy,645261,15,-8.8,33.3,110.4,84.1,99.8,78.2,329,96,,3,3.3,20.0,1,6.7,1.6
Sogard, Eric,519299,339,19.3,40.7,102.9,85.7,88.3,83.6,414,189,378,69,10.1,20.4,7,2.1,1.6
Wheeler, Zack,554430,41,2,29.3,101.4,78.6,83.8,75.2,385,127,385,6,4.9,14.6,1,2.4,1.6
Starling, Bubba,605490,131,12.1,36.6,106.9,81.8,87.3,76.4,406,170,376,23,6.8,17.6,3,2.3,1.5
Buehler, Walker,621111,29,-6.3,20.7,104.8,88.1,90.3,87,409,124,409,9,7.9,31.0,1,3.4,1.5
Frazier, Adam,624428,484,13.1,36.4,106.1,87.1,89.4,86,423,177,391,136,12.3,28.1,9,1.9,1.5
DeShields, Delino,592261,267,13.5,34.1,104,86.9,90.9,84.2,394,170,384,65,9.3,24.3,6,2.2,1.5
Joseph, Corban,543377,53,9.3,28.3,106.4,87.3,90.7,85.7,424,162,424,14,11.8,26.4,1,1.9,1.5
Gennett, Scooter,571697,94,13.2,40.4,102.3,86.3,89.4,82.9,413,181,405,24,8.2,25.5,2,2.1,1.4
deGrom, Jacob,594798,47,1.6,23.4,106,85.2,89.5,81.7,389,142,386,13,9.1,27.7,1,2.1,1.4
Simmons, Andrelton,592743,361,9.5,18.8,108.8,87.8,89.6,88.8,410,136,386,119,17.9,33.0,6,1.7,1.4
Smith, Mallex,605480,372,7.3,29.0,105.7,85.2,88.6,83.4,398,147,378,74,7.0,19.9,8,2.2,1.4
Gallagher, Cam,595956,100,12.8,38.0,105.3,86.3,88.7,84.9,378,179,364,24,9.8,24.0,2,2.0,1.4
Freeman, Mike,502273,126,8.9,35.7,105.7,85.6,90.3,81.3,389,151,382,35,9.4,27.8,3,2.4,1.4
Allen, Austin,664119,44,9.5,31.8,105.8,84.2,86.5,83.3,385,145,,7,5.4,15.9,1,2.3,1.4
Reyes, Victor,622682,214,9.2,37.9,109.1,87.6,88.9,86.5,385,168,371,67,10.7,31.3,4,1.9,1.4
Hundley, Nick,460026,52,16.1,26.9,108.6,84.6,88.9,80.9,373,166,364,14,10.4,26.9,1,1.9,1.4
Wynns, Austin,642851,57,6.2,24.6,106,87,89.9,85.5,413,140,413,13,10.3,22.8,1,1.8,1.4
Mullins, Cedric,656775,53,14.9,18.9,110.3,84.2,88,83.1,396,135,,9,6.7,17.0,1,1.9,1.4
Inciarte, Ender,542255,159,9.7,35.2,103.3,83,86.1,80.3,414,151,375,28,6.3,17.6,3,1.9,1.3
Hernández, Marco,593523,107,6.4,26.2,108.6,87,88.6,87.2,395,151,371,24,7.2,22.4,2,1.9,1.3
Strasburg, Stephen,544931,52,-3.9,26.9,104.7,88,92.9,85.3,420,120,420,15,10.5,28.8,1,1.9,1.3
Hoerner, Nico,663538,68,3.9,36.8,103.4,85.6,87.2,85.1,411,159,398,16,9.4,23.5,1,1.5,1.2
Duffy, Matt,622110,119,5.5,27.7,105.2,87,90.6,85.2,384,132,384,40,15.1,33.6,2,1.7,1.2
Heineman, Scott,595981,55,10.7,32.7,109.6,87.4,90.3,86.9,406,172,379,20,12.0,36.4,1,1.8,1.2
Núñez, Eduardo,456488,143,5.9,23.1,109.6,88.1,93.1,88.6,410,127,409,46,14.6,32.2,2,1.4,1.1
Wendle, Joey,621563,194,11.6,31.4,108.2,87.4,88.8,87.1,430,164,381,63,13.2,32.5,3,1.5,1.1
Dyson, Jarrod,502481,317,9.6,29.3,105.5,83.9,88.4,81.2,403,144,389,69,9.6,21.8,5,1.6,1.1
Muñoz, Yairo,622168,136,6.2,27.9,107.9,84.7,87.8,83.6,404,130,384,34,8.7,25.0,2,1.5,1.1
Jay, Jon,445055,141,5.8,36.2,103.5,83.1,86.4,80.2,412,152,,18,5.1,12.8,2,1.4,1.1
Kemp, Tony,643393,203,14.6,27.6,101.4,86.2,89.7,82.9,408,182,362,31,6.6,15.3,3,1.5,1.1
Kinsler, Ian,435079,205,17.3,33.7,103.5,84.3,87.7,83.1,408,166,375,48,9.3,23.4,3,1.5,1.1
León, Sandy,506702,130,21.5,32.3,108.6,85.3,89.3,80.8,400,178,382,32,9.4,24.6,2,1.5,1.0
Holt, Brock,571788,206,11.2,31.1,103,87.5,89.4,86.4,406,160,388,63,12.3,30.6,3,1.5,1.0
Lopez, Nicky,670032,332,3.1,22.3,105.4,85.1,86.1,85.3,393,119,393,64,8.5,19.3,4,1.2,1.0
Daza, Yonathan,602074,77,4.8,24.7,103.8,84.5,86.9,83.5,416,119,,16,8.3,20.8,1,1.3,1.0
Cozart, Zack,446359,84,21.6,31.0,104.2,85.9,88.8,84.9,383,187,,18,10.7,21.4,1,1.2,0.9
Martini, Nick,605361,68,5.7,29.4,106.6,87.6,90.5,86,376,141,376,22,11.6,32.4,1,1.5,0.9
Castro, Willi,650489,68,18.1,35.3,112,84.7,86.1,83.3,354,186,354,17,7.5,25.0,1,1.5,0.9
Kiner-Falefa, Isiah,643396,155,6.8,29.7,104.9,87.2,88.9,87.2,397,146,397,52,14.3,33.5,2,1.3,0.9
Robertson, Daniel,621002,148,5.8,25.0,107.7,87.7,90.7,86,391,144,376,50,11.3,33.8,2,1.4,0.8
Mathis, Jeff,425772,142,16.9,29.6,105.5,86.1,90,84,412,177,399,37,7.6,26.1,2,1.4,0.8
Locastro, Tim,641796,170,13.6,28.8,107.6,84.4,87.5,84.4,390,149,390,33,7.6,19.4,2,1.2,0.8
Straw, Myles,664702,85,9,38.8,102.8,84.7,87.6,83,386,151,,14,6.9,16.5,1,1.2,0.8
Holaday, Bryan,592407,96,11.4,33.3,104.8,88.2,93.3,86.1,386,153,381,33,14.8,34.4,1,1.0,0.8
Sánchez, Yolmer,570560,389,14.2,32.1,107.5,87.1,88.8,86.9,359,169,354,105,9.7,27.0,4,1.0,0.7
Viloria, Meibrys,650619,94,4.9,18.1,108.7,87.5,90,86.4,343,143,343,26,9.8,27.7,1,1.1,0.7
Goins, Ryan,572365,101,7.8,27.7,105.5,87.4,91.3,85.5,388,146,388,33,12.3,32.7,1,1.0,0.6
Zobrist, Ben,450314,128,5.3,25.0,105.1,85.8,88.7,85,386,133,386,30,12.2,23.4,1,0.8,0.6
Prado, Martín,445988,207,8.3,31.9,107,87,88.9,86.5,381,158,381,59,13.4,28.5,1,0.5,0.4
Peraza, José,606299,320,17.3,32.5,109.4,85,87.5,85.2,432,178,384,78,10.6,24.4,1,0.3,0.2
Fletcher, David,664058,534,9.9,37.5,104.5,83.8,86.5,82.8,413,164,375,90,9.5,16.9,1,0.2,0.2
Tinoco, Jesus,622786,2,-16.7,0.0,106,106,,106,8,8,,1,5.9,50.0,,0.0,0.0
Jackson, Edwin,429719,1,3.9,0.0,104.3,104.3,,104.3,136,136,,1,10.0,100.0,,0.0,0.0
Fulmer, Carson,608334,1,-2.3,0.0,102.8,102.8,,102.8,39,39,,1,33.3,100.0,,0.0,0.0
Bowman, Matt,621199,1,-3.1,0.0,102.1,102.1,,102.1,35,35,,1,100.0,100.0,,0.0,0.0
Detwiler, Ross,446321,1,-13.7,0.0,98,98,,98,14,14,,1,50.0,100.0,,0.0,0.0
Duplantier, Jon,641541,3,-21.1,0.0,100.1,97.6,,97.6,15,9,,2,13.3,66.7,,0.0,0.0
Escobar, Luis,650813,1,-16.1,0.0,97.5,97.5,,97.5,11,11,,1,33.3,100.0,,0.0,0.0
Almonte, Yency,622075,2,29.8,50.0,99.6,97.4,97.4,,366,326,,2,22.2,100.0,,0.0,0.0
Drake, Oliver,543118,1,-1.1,0.0,96.2,96.2,,96.2,36,36,,1,33.3,100.0,,0.0,0.0
Boyd, Matthew,571510,1,3.5,0.0,96,96,,96,82,82,,1,25.0,100.0,,0.0,0.0
Hernández, Félix,433587,1,-17.5,0.0,95.9,95.9,,95.9,7,7,,1,11.1,100.0,,0.0,0.0
McGowin, Kyle,641851,3,11,0.0,102.3,95.8,96.8,93.8,334,156,,1,25.0,33.3,,0.0,0.0
Baron, Steven,571467,4,-1.5,50.0,107.9,95.6,88.5,102.7,332,144,,2,8.3,50.0,,0.0,0.0
McRae, Alex,656725,4,-3.4,50.0,99.3,95.4,99.3,91.5,203,106,,1,7.1,25.0,,0.0,0.0
Smith, Will,519293,2,10.7,50.0,95.1,95.1,95.1,,205,205,,1,50.0,50.0,,0.0,0.0
Lockett, Walker,621141,2,28,50.0,101.1,95.1,95.1,,345,275,,1,7.7,50.0,,0.0,0.0
Gagnon, Drew,543193,4,8.2,50.0,100,94.8,94.6,95.3,340,194,,2,28.6,50.0,,0.0,0.0
Strahm, Matt,621381,13,8.8,46.2,102.3,94.4,93.1,97,373,170,,6,15.8,46.2,,0.0,0.0
Wisdom, Patrick,621550,12,21.8,41.7,102,94.3,93.2,99.2,364,259,,6,9.7,50.0,,0.0,0.0
Beeks, Jalen,656222,1,-32.3,0.0,93.9,93.9,,93.9,4,4,,,0.0,0.0,,0.0,0.0
Freeland, Kyle,607536,13,-11.6,7.7,102.3,93.6,100.1,92.3,214,45,,4,9.1,30.8,,0.0,0.0
Nottingham, Jacob,641924,4,29.6,0.0,98.7,93.6,93.6,,362,275,362,2,15.4,50.0,,0.0,0.0
Shaw, Chris,622046,10,9.6,20.0,104.3,93.4,91.6,94.7,359,136,,4,8.5,40.0,,0.0,0.0
Gonzales, Marco,594835,2,14.4,50.0,93.2,93.2,93.2,,188,188,,,0.0,0.0,,0.0,0.0
Houser, Adrian,605288,8,-1.3,12.5,105.1,92.9,104.4,90,353,104,,3,6.4,37.5,,0.0,0.0
Tulowitzki, Troy,453064,7,17.6,14.3,108.8,92.8,100.6,89.2,358,192,358,2,6.7,28.6,,0.0,0.0
Burnes, Corbin,669203,6,-7.3,0.0,106.9,92.6,,92.6,144,66,,2,12.5,33.3,,0.0,0.0
Soto, Gregory,642397,2,13.5,50.0,105.5,92.4,79.4,105.5,225,192,,1,50.0,50.0,,0.0,0.0
Wood, Alex,622072,7,10.8,28.6,97.1,92.4,91.4,94.4,288,198,,1,7.7,14.3,,0.0,0.0
Cordero, Franchy,614173,9,19.5,44.4,102.3,92.4,93.2,86.5,361,224,,3,6.7,33.3,,0.0,0.0
Sims, Lucas,608371,3,5.5,0.0,96.9,92.3,89.3,93.8,261,92,,1,6.7,33.3,,0.0,0.0
Cahill, Trevor,502239,2,26.7,50.0,93.8,92.2,92.2,,309,304,,,0.0,0.0,,0.0,0.0
Velazquez, Andrew,623205,10,18.2,30.0,107.7,92.1,93,93.1,387,207,,5,8.3,50.0,,0.0,0.0
Smith, Caleb,592761,33,4.5,21.2,104.6,91.6,91.3,91.9,379,143,,12,16.7,36.4,,0.0,0.0
Hermosillo, Michael,641684,18,24.2,27.8,105,91.5,94.7,90.7,354,216,,10,10.8,55.6,,0.0,0.0
Iglesias, Raisel,628452,1,-30.9,0.0,91.5,91.5,,91.5,5,5,,,0.0,0.0,,0.0,0.0
Happ, J.A.,457918,4,-20.5,0.0,99.7,91.3,,91.3,6,6,,1,25.0,25.0,,0.0,0.0
Hess, David,605276,3,35.4,0.0,102.5,91.3,,102.5,65,65,,1,33.3,33.3,,0.0,0.0
Weaver, Luke,596133,10,25.4,50.0,99.7,91.2,92.5,95.8,392,277,392,4,10.0,40.0,,0.0,0.0
Noesí, Hector,456051,2,-4.5,0.0,90.8,90.8,,90.8,23,23,,,0.0,0.0,,0.0,0.0
Davis, Johnny,643275,2,27.4,50.0,92.7,90.7,90.7,,319,269,,,0.0,0.0,,0.0,0.0
Bolaños, Ronald,671790,1,2.5,0.0,90.6,90.6,,90.6,68,68,,,0.0,0.0,,0.0,0.0
Green, Zach,608339,8,6.7,25.0,107.2,90.4,95.7,88.7,324,105,,2,7.1,25.0,,0.0,0.0
Santana, Dennis,642701,2,6.8,0.0,94.3,90.3,94.3,86.4,159,129,,,0.0,0.0,,0.0,0.0
Gant, John,607231,1,32.7,0.0,90.3,90.3,90.3,,314,314,,,0.0,0.0,,0.0,0.0
Helsley, Ryan,664854,1,-34.2,0.0,90.1,90.1,,90.1,4,4,,,0.0,0.0,,0.0,0.0
Gott, Trevor,641627,1,18.3,100.0,90,90,90,,271,271,,,0.0,0.0,,0.0,0.0
Chatwood, Tyler,543022,14,9.4,42.9,98.9,90,91.1,89.4,349,185,,5,10.6,35.7,,0.0,0.0
Wilson, Bryse,669060,3,-7.9,33.3,99.3,89.9,87.5,91.1,193,102,,1,8.3,33.3,,0.0,0.0
DeSclafani, Anthony,543101,29,-7.2,13.8,105.8,89.5,89.5,89.6,316,71,,8,9.0,27.6,,0.0,0.0
Eickhoff, Jerad,595191,11,-14.9,9.1,99.9,89.4,97.9,88,328,53,,4,14.3,36.4,,0.0,0.0
Rivera, Yadiel,592680,40,1.6,17.5,108.5,89.3,94.4,87.3,402,120,,14,9.8,35.0,,0.0,0.0
Giolito, Lucas,608337,1,16,100.0,89.2,89.2,89.2,,256,256,,,0.0,0.0,,0.0,0.0
Senzatela, Antonio,622608,21,-2.2,9.5,100.2,89.2,96,86.2,334,119,,4,4.8,19.0,,0.0,0.0
Price, David,456034,1,-9.7,0.0,89.1,89.1,,89.1,11,11,,,0.0,0.0,,0.0,0.0
Brach, Brad,542960,4,7.1,50.0,95.3,88.8,85.6,95.3,280,185,,1,12.5,25.0,,0.0,0.0
Thornton, Trent,663423,3,4,33.3,101.4,88.5,65.2,100.2,198,98,,2,50.0,66.7,,0.0,0.0
Dugger, Robert,667498,5,11.2,40.0,103.4,88.5,87.6,89.8,351,158,,2,9.5,40.0,,0.0,0.0
Castillo, Wilkin,446868,4,39.1,50.0,97.5,88.4,88.4,,327,281,,1,8.3,25.0,,0.0,0.0
Mahle, Tyler,641816,21,-11.4,4.8,104.9,88.4,92.9,87.6,336,84,,4,6.2,19.0,,0.0,0.0
Woodruff, Brandon,605540,28,9.5,32.1,107.5,88.2,86.6,90.4,364,175,,7,8.5,25.0,,0.0,0.0
Samardzija, Jeff,502188,26,-5,19.2,107.6,88.1,85.7,89.1,325,85,,6,5.7,23.1,,0.0,0.0
Ciuffo, Nick,624419,3,29.4,66.7,99.6,88,88,,219,183,,1,10.0,33.3,,0.0,0.0
Sucre, Jesús,491696,49,7.5,36.7,102.5,88,88,89.1,365,148,,13,10.3,26.5,,0.0,0.0
Wilkerson, Aaron,658792,2,-4.5,50.0,97,87.9,97,78.9,386,196,386,1,16.7,50.0,,0.0,0.0
Wainwright, Adam,425794,37,14.6,27.0,107.6,87.9,90.7,86.7,386,196,,8,6.6,21.6,,0.0,0.0
Williams, Mason,592863,25,14.8,52.0,105.2,87.6,91.6,79.1,376,195,,8,13.1,32.0,,0.0,0.0
Walton, Donovan,622268,11,8.7,27.3,103.2,87.6,87.5,87.7,356,160,,2,4.3,18.2,,0.0,0.0
Rivera, René,425784,13,19.2,30.8,104.9,87.6,86.9,88.4,382,196,382,3,8.1,23.1,,0.0,0.0
Gonsolin, Tony,664062,10,13.3,40.0,102.3,87.5,87.3,87.8,349,174,,2,8.0,20.0,,0.0,0.0
Suárez, Ranger,624133,3,-15,0.0,92.1,87.5,,87.5,15,15,,,0.0,0.0,,0.0,0.0
Miller, Ian,641878,14,11.6,28.6,99,87.4,88.2,88.3,333,164,,4,9.8,28.6,,0.0,0.0
Ross, Joe,605452,9,8.4,0.0,105,87.3,104.1,87.2,192,59,,2,7.1,22.2,,0.0,0.0
Anderson, Brett,474463,6,-1.7,33.3,97.3,87.2,90.9,84.8,219,96,,2,20.0,33.3,,0.0,0.0
Scherzer, Max,453286,34,-7.5,20.6,101.6,87.2,93.1,83.6,323,114,,7,6.8,20.6,,0.0,0.0
DuRapau, Montana,657566,2,-20.6,0.0,93.9,87.2,,87.2,14,10,,,0.0,0.0,,0.0,0.0
Sanchez, Adrián,506703,21,-0.7,23.8,106.7,87.2,85.7,88.5,299,109,,7,10.9,33.3,,0.0,0.0
Bauer, Trevor,545333,8,-12.7,12.5,93.9,87.1,90,86.6,229,64,,,0.0,0.0,,0.0,0.0
Irvin, Cole,608344,4,14.5,25.0,98.2,87.1,83.7,90.5,284,192,,1,6.3,25.0,,0.0,0.0
Joseph, Caleb,543376,29,22,44.8,100.8,87,89.5,85.1,381,205,,7,9.9,24.1,,0.0,0.0
Arrieta, Jake,453562,30,20.7,30.0,107.8,87,84.8,93.6,295,182,,8,10.3,26.7,,0.0,0.0
Norris, Daniel,596057,3,1.9,33.3,90.3,87,83.3,88.8,279,148,,,0.0,0.0,,0.0,0.0
Sierra, Magneuris,642423,33,4.6,24.2,104.4,86.9,84,89.4,368,123,,9,12.0,27.3,,0.0,0.0
Shuck, JB,543776,38,-0.1,26.3,104,86.7,84.4,88.6,371,125,,11,10.7,28.9,,0.0,0.0
Urena, Richard,620446,54,9.8,27.8,103.4,86.7,92,83.8,384,141,,16,9.0,29.6,,0.0,0.0
Margevicius, Nick,676606,10,-1.7,30.0,103.3,86.7,97.7,83.7,233,88,,2,7.4,20.0,,0.0,0.0
Nola, Aaron,605400,29,1.9,27.6,100.7,86.7,89.6,84.8,339,118,,6,9.4,20.7,,0.0,0.0
Webb, Logan,657277,8,-5.2,25.0,100.2,86.7,98.4,78.8,292,136,,2,11.1,25.0,,0.0,0.0
Tovar, Wilfredo,541600,68,6.9,36.8,108.3,86.6,90.9,86.2,377,142,,20,11.6,29.4,,0.0,0.0
Elmore, Jake,518653,39,13.1,43.6,101.1,86.6,86.3,87.2,355,191,,6,6.3,15.4,,0.0,0.0
Flaherty, Jack,656427,47,6.7,31.9,107,86.5,89.7,82.8,381,170,,9,9.1,19.1,,0.0,0.0
Fried, Max,608331,44,-3.5,22.7,103,86.5,92.1,82.9,385,113,,13,13.3,29.5,,0.0,0.0
Mendick, Danny,664901,28,12.8,39.3,102.2,86.4,88,84.7,387,164,367,6,8.2,21.4,,0.0,0.0
Lester, Jon,452657,28,4.9,28.6,102.4,86.3,90.3,84.1,376,150,376,6,7.6,21.4,,0.0,0.0
Agrazal, Dario,642607,15,-19.9,13.3,100.9,86.3,88.7,85.9,293,54,,6,15.8,40.0,,0.0,0.0
Zagunis, Mark,657145,20,0.5,30.0,103.1,86.2,91.5,81.8,363,163,,7,10.4,35.0,,0.0,0.0
Hendricks, Kyle,543294,32,5.4,15.6,104.4,86,90.5,87.1,369,125,,6,6.6,18.8,,0.0,0.0
Adames, Cristhian,542436,14,2.1,28.6,101.5,85.9,88.5,84.4,357,114,,4,7.5,28.6,,0.0,0.0
Valera, Breyvic,591971,40,17.2,37.5,100.6,85.9,88.5,85.6,389,186,389,12,12.9,30.0,,0.0,0.0
Schwindel, Frank,643524,13,20.5,15.4,103.3,85.7,89.9,87.9,328,168,,3,10.3,23.1,,0.0,0.0
Font, Wilmer,521655,2,2.2,0.0,85.7,85.7,,85.7,66,66,,,0.0,0.0,,0.0,0.0
Pivetta, Nick,601713,7,-4.2,0.0,101.8,85.7,,85.7,150,66,,1,2.4,14.3,,0.0,0.0
Kratz, Erik,456124,35,21.2,20.0,108.7,85.7,88.9,86.5,365,147,365,10,10.2,28.6,,0.0,0.0
Melville, Tim,543532,7,-12.4,28.6,100.2,85.7,98.2,82.6,247,74,,2,12.5,28.6,,0.0,0.0
Centeno, Juan,518542,13,17,38.5,102.4,85.7,88.6,84.9,338,184,,2,6.5,15.4,,0.0,0.0
Brooks, Aaron,605156,3,-12.1,0.0,88.3,85.6,,85.6,31,31,,,0.0,0.0,,0.0,0.0
Pedroia, Dustin,456030,18,6.3,27.8,98.2,85.6,87.2,84.6,351,147,,4,11.8,22.2,,0.0,0.0
Taillon, Jameson,592791,8,2.2,12.5,99.4,85.6,90.2,82.5,365,142,,1,5.9,12.5,,0.0,0.0
Stroman, Marcus,573186,12,-6.3,16.7,104.2,85.6,90.4,83.2,330,103,,2,3.6,16.7,,0.0,0.0
Freitas, David,571679,11,5.5,36.4,102,85.5,94.5,77.5,361,184,,5,14.3,45.5,,0.0,0.0
Rodríguez, Dereck,605446,12,12.6,25.0,99.8,85.4,85.7,88.4,333,144,,3,5.5,25.0,,0.0,0.0
Wolters, Tony,547172,299,10.1,37.5,103.4,85.3,88.2,83.1,361,168,361,59,8.6,19.7,,0.0,0.0
Richards, Trevor,670950,14,-4,7.1,99.5,85.2,81.8,87.4,287,75,,2,3.8,14.3,,0.0,0.0
Covey, Dylan,592229,1,-32.9,0.0,85.1,85.1,,85.1,6,6,,,0.0,0.0,,0.0,0.0
Leyba, Domingo,642736,17,21.4,47.1,103,85,84.5,88.8,346,200,,4,6.3,23.5,,0.0,0.0
Cole, Gerrit,543037,2,-40.3,0.0,85,85,,85,4,4,,,0.0,0.0,,0.0,0.0
Gale, Rocky,502570,8,16.4,25.0,92.9,84.9,87.7,84.1,307,151,,,0.0,0.0,,0.0,0.0
Stubbs, Garrett,596117,28,12.9,28.6,103.1,84.8,87.1,86.1,369,142,,8,10.5,28.6,,0.0,0.0
Gray, Sonny,543243,39,-12.3,5.1,101.5,84.8,89.7,84.3,302,51,,5,5.3,12.8,,0.0,0.0
Velasquez, Vince,592826,25,-0.7,24.0,105.7,84.7,89.5,83.4,364,128,364,6,9.2,24.0,,0.0,0.0
Hamels, Cole,430935,29,4,41.4,103.9,84.6,89.3,80.6,382,148,,6,7.1,20.7,,0.0,0.0
Bieber, Shane,669456,2,-29.6,0.0,91.4,84.6,,84.6,16,10,,,0.0,0.0,,0.0,0.0
Butera, Drew,460077,31,23.9,25.8,104.2,84.6,87.3,81.5,359,176,,6,7.2,19.4,,0.0,0.0
Clarke, Taylor,664199,15,3.4,26.7,101.7,84.5,86.8,85.5,407,146,407,3,7.1,20.0,,0.0,0.0
Kelly, Merrill,518876,33,-8.8,9.1,96.9,84.5,88.7,82.5,370,112,,3,3.3,9.1,,0.0,0.0
Arteaga, Humberto,600858,97,9.3,29.9,103.7,84.5,86.8,82.3,385,153,,21,7.3,21.6,,0.0,0.0
Williams, Trevor,592866,25,-0.9,28.0,95.1,84.4,86.1,83.8,281,105,,1,1.8,4.0,,0.0,0.0
Strange-Gordon, Dee,543829,341,5.8,28.2,102.5,84.2,87,83,367,133,361,63,8.0,18.5,,0.0,0.0
Keuchel, Dallas,572971,12,-11.3,16.7,98.1,84.2,91.3,82.4,350,84,,3,4.1,25.0,,0.0,0.0
Gallen, Zac,668678,16,-0.3,12.5,100.4,84.2,87.1,83.5,280,87,,3,8.6,18.8,,0.0,0.0
Montgomery, Mike,543557,3,36.2,66.7,87.8,84.2,86.3,,304,259,,,0.0,0.0,,0.0,0.0
Teheran, Julio,527054,36,10.8,19.4,102.2,84.2,85.4,85.1,371,150,,10,9.8,27.8,,0.0,0.0
Perdomo, Luis,606131,5,0.5,20.0,92.9,84,82.7,85.8,321,108,,,0.0,0.0,,0.0,0.0
Anderson, Chase,502624,18,3,22.2,101.4,84,86.5,82.4,336,123,,1,1.4,5.6,,0.0,0.0
Paddack, Chris,663978,27,-7.9,22.2,104.4,84,89,82.2,297,83,,5,7.4,18.5,,0.0,0.0
Alzolay, Adbert,640470,3,-8.8,0.0,87.1,84,,84,39,29,,,0.0,0.0,,0.0,0.0
González, Chi Chi,592346,9,-8,22.2,93.7,83.9,82.5,84.4,327,77,,,0.0,0.0,,0.0,0.0
Wong, Kean,642221,12,6.7,16.7,102.5,83.9,87,85.4,313,114,,3,7.7,25.0,,0.0,0.0
Difo, Wilmer,594694,103,10.1,34.0,102.2,83.9,87,83.1,380,150,375,20,6.8,19.4,,0.0,0.0
Avelino, Abiatal,623214,4,-16.8,25.0,102.2,83.8,79.2,85.3,191,54,,1,8.3,25.0,,0.0,0.0
Davis, Rookie,606959,1,-49.4,0.0,83.8,83.8,,83.8,3,3,,,0.0,0.0,,0.0,0.0
Stewart, Brock,592779,3,48.1,33.3,99,83.7,93.9,,288,175,,1,16.7,33.3,,0.0,0.0
Alaniz, R.J.,595798,1,14.4,100.0,83.7,83.7,83.7,,186,186,,,0.0,0.0,,0.0,0.0
Doolittle, Sean,448281,1,-31.7,0.0,83.6,83.6,,83.6,3,3,,,0.0,0.0,,0.0,0.0
Andújar, Miguel,609280,37,13.6,16.2,105.5,83.6,92,79.8,383,150,,9,9.6,24.3,,0.0,0.0
Hudson, Dakota,641712,34,-10.9,17.6,105,83.5,85.8,82.7,316,99,,4,4.7,11.8,,0.0,0.0
Gore, Terrance,605253,33,6.5,24.2,99.3,83.5,83.7,86.6,367,155,,4,4.3,12.1,,0.0,0.0
Urías, Julio,628711,13,5.5,15.4,93.7,83.5,87.1,81.7,338,123,,,0.0,0.0,,0.0,0.0
Kershaw, Clayton,477132,48,5.7,6.3,104.4,83.4,88.3,81.1,331,120,,5,4.4,10.4,,0.0,0.0
Bishop, Braden,623323,36,13,19.4,105.5,83.1,88.3,83.7,344,126,,5,4.4,13.9,,0.0,0.0
Sosa, Edmundo,624641,6,-0.3,16.7,105.1,83.1,90.6,75.5,263,110,,3,21.4,50.0,,0.0,0.0
Yamamoto, Jordan,657141,16,-19.7,12.5,100.3,83,86.2,82.3,165,40,,2,5.1,12.5,,0.0,0.0
Lin, Tzu-Wei,624407,14,1.2,7.1,99.6,83,93.4,80,363,104,,2,4.9,14.3,,0.0,0.0
Archer, Chris,502042,19,-0.8,15.8,103.6,83,93.6,80.6,242,106,,1,1.7,5.3,,0.0,0.0
Cowart, Kaleb,592230,18,20.9,27.8,99.8,83,87.3,80.9,327,172,,2,4.1,11.1,,0.0,0.0
Eshelman, Thomas,664045,2,76.9,0.0,84.5,82.9,,,138,121,,,0.0,0.0,,0.0,0.0
Clevinger, Mike,605182,1,-20.7,0.0,82.9,82.9,,82.9,,,,,0.0,0.0,,0.0,0.0
Cueto, Johnny,456501,1,-20.7,0.0,82.9,82.9,,82.9,,,,,0.0,0.0,,0.0,0.0
Floro, Dylan,571670,1,-20.7,0.0,82.9,82.9,,82.9,,,,,0.0,0.0,,0.0,0.0
Garcia, Yimi,554340,1,-20.7,0.0,82.9,82.9,,82.9,,,,,0.0,0.0,,0.0,0.0
Holmes, Clay,605280,1,-20.7,0.0,82.9,82.9,,82.9,,,,,0.0,0.0,,0.0,0.0
Maeda, Kenta,628317,48,7.8,16.7,104.2,82.8,79.1,85.4,280,112,,4,3.6,8.3,,0.0,0.0
Davies, Zach,605200,29,15.5,27.6,97.9,82.6,86.8,77.6,310,158,,2,2.4,6.9,,0.0,0.0
Holland, Derek,502706,5,4.2,0.0,83.5,82.5,83.5,81.5,264,134,,,0.0,0.0,,0.0,0.0
May, Dustin,669160,7,-19.6,0.0,98.8,82.5,75.5,83.6,215,39,,2,9.1,28.6,,0.0,0.0
Voth, Austin,608723,7,15.1,57.1,94.3,82.4,80.5,90,360,207,,,0.0,0.0,,0.0,0.0
Allen, Logan,663531,4,-15.6,0.0,96,82.2,,82.2,148,46,,1,14.3,25.0,,0.0,0.0
Graterol, Juan,492802,14,8.5,35.7,99.2,82.1,83.6,81.4,372,121,,2,6.3,14.3,,0.0,0.0
Hanson, Alen,593700,27,8.1,22.2,99.5,82,88,79.6,334,132,,6,5.6,22.2,,0.0,0.0
Lucchesi, Joey,664192,17,-4.3,11.8,98.7,82,77.1,86.6,219,73,,2,2.4,11.8,,0.0,0.0
Skole, Matt,605474,42,17.5,33.3,109.7,82,83.4,82.9,370,178,,6,4.2,14.3,,0.0,0.0
Bassitt, Chris,605135,3,0.3,33.3,82.9,82,81,82.9,288,288,,,0.0,0.0,,0.0,0.0
Corbin, Patrick,571578,42,-5.8,16.7,100.8,81.9,86.2,81.4,352,100,,5,4.6,11.9,,0.0,0.0
Wacha, Michael,608379,18,6.6,16.7,99.5,81.9,76.2,83.8,189,49,,3,6.3,16.7,,0.0,0.0
Eflin, Zach,621107,25,15.1,24.0,103.2,81.9,85.7,80.5,381,173,,4,4.0,16.0,,0.0,0.0
Keller, Brad,641745,4,-17.4,25.0,90,81.8,90,77.8,273,95,,,0.0,0.0,,0.0,0.0
Beede, Tyler,595881,17,6,11.8,98.9,81.7,87.4,78.4,324,97,,1,1.6,5.9,,0.0,0.0
Mikolas, Miles,571945,35,5,20.0,108.3,81.6,83.3,83.4,363,114,,8,6.5,22.9,,0.0,0.0
Fedde, Erick,607200,14,-0.2,14.3,96.5,81.5,76.4,84,365,110,,2,7.1,14.3,,0.0,0.0
Quintana, José,500779,36,-8.6,11.1,103.2,81.4,81.7,81.4,303,66,,4,4.1,11.1,,0.0,0.0
Cashner, Andrew,488768,3,-28.7,0.0,83.4,81.4,,81.4,15,10,,,0.0,0.0,,0.0,0.0
Joe, Connor,656582,10,1.1,20.0,100.5,81.4,69.4,86.9,263,98,,3,13.0,30.0,,0.0,0.0
Colón, Christian,518568,6,-6.1,16.7,89.7,81.3,89.7,79.2,335,94,,,0.0,0.0,,0.0,0.0
Lamet, Dinelson,659275,13,-13.4,15.4,104.5,81.3,92.5,79.9,200,51,,1,3.4,7.7,,0.0,0.0
Hoffman, Jeff,656546,15,-3.7,20.0,106.3,81.3,91.4,76.3,306,107,,2,4.9,13.3,,0.0,0.0
Flexen, Chris,623167,2,-3.5,50.0,93,81.3,69.6,93,184,95,,,0.0,0.0,,0.0,0.0
Lyles, Jordan,543475,18,-8,5.6,93.7,81.2,78.7,84.3,247,57,,,0.0,0.0,,0.0,0.0
Hart, Donnie,643354,1,-39.4,0.0,81.1,81.1,,81.1,3,3,,,0.0,0.0,,0.0,0.0
Carpenter, Ryan,543001,1,-26,0.0,81,81,,81,8,8,,,0.0,0.0,,0.0,0.0
Lambert, Peter,663567,21,4.1,28.6,97,80.9,87,77.6,275,116,,1,1.9,4.8,,0.0,0.0
Godley, Zack,643327,10,31.6,40.0,96.3,80.8,82.7,,319,255,,1,2.8,10.0,,0.0,0.0
Means, John,607644,2,-34.3,0.0,80.7,80.7,,80.7,4,4,,,0.0,0.0,,0.0,0.0
Hamilton, Billy,571740,234,15.2,32.5,99.9,80.7,83.6,81.1,375,161,,17,2.6,7.3,,0.0,0.0
Mejia, Erick,625510,16,10.8,18.8,92.3,80.7,82.4,79.6,336,159,,,0.0,0.0,,0.0,0.0
Ferguson, Caleb,657571,2,-39.6,0.0,88.5,80.4,,80.4,8,5,,,0.0,0.0,,0.0,0.0
Torreyes, Ronald,591720,13,24.4,15.4,94.9,80.2,74.7,84.6,256,128,,,0.0,0.0,,0.0,0.0
Chavez, Jesse,445926,1,13.8,100.0,80.1,80.1,80.1,,205,205,,,0.0,0.0,,0.0,0.0
Vargas, Jason,450306,23,-2.2,21.7,98.7,80.1,80.2,80,319,97,,3,4.8,13.0,,0.0,0.0
Hernandez, Elieser,622694,13,-6.8,7.7,101.8,80.1,85.8,79.6,312,66,,2,4.4,15.4,,0.0,0.0
Hughes, Jared,453172,1,69,0.0,80,80,,,,,,,0.0,0.0,,0.0,0.0
Mills, Alec,621219,6,1.8,33.3,94.6,79.6,85.4,76.6,315,146,,,0.0,0.0,,0.0,0.0
Ray, Robbie,592662,32,-13.9,12.5,105.2,79.5,85.9,77.9,340,80,,2,2.0,6.3,,0.0,0.0
Stripling, Ross,548389,15,-8.6,20.0,93.1,79.5,68.9,81.6,249,74,,,0.0,0.0,,0.0,0.0
Andriese, Matt,542882,3,-32.8,0.0,84.5,79.5,,79.5,42,16,,,0.0,0.0,,0.0,0.0
Jankowski, Travis,608671,18,12.2,11.1,95.6,79.4,81.2,79.5,350,151,,1,2.9,5.6,,0.0,0.0
Heineman, Tyler,623168,8,22.2,62.5,97.5,79.4,91.4,69.1,386,186,386,2,8.0,25.0,,0.0,0.0
Adduci, Jim,451192,2,-32.5,0.0,81.9,79.3,,79.3,24,13,,,0.0,0.0,,0.0,0.0
Castillo, Luis,622491,34,14.8,23.5,102.8,79.3,83.7,77.1,343,146,,2,1.9,5.9,,0.0,0.0
Taylor, Tyrone,621438,9,-5.7,11.1,99.1,79.1,75.1,79.6,211,52,,1,6.3,11.1,,0.0,0.0
Soroka, Mike,647336,37,-8,13.5,99.2,79.1,81,78.5,283,71,,4,4.1,10.8,,0.0,0.0
Foltynewicz, Mike,592314,19,-3.8,15.8,94.4,78.9,84.5,78.5,260,64,,,0.0,0.0,,0.0,0.0
Zavala, Seby,664874,3,21.9,33.3,86.1,78.7,85,86.1,183,130,,,0.0,0.0,,0.0,0.0
Sánchez, Aníbal,434671,32,-1.5,25.0,94.3,78.6,78.3,78.7,304,89,,,0.0,0.0,,0.0,0.0
Jackson, Alex,656577,8,28.4,25.0,87.9,78.5,77.6,79.9,283,194,,,0.0,0.0,,0.0,0.0
Quantrill, Cal,615698,23,-19.6,8.7,102.2,78.3,79.3,78.2,233,36,,1,2.2,4.3,,0.0,0.0
Wilson, Bobby,435064,34,21.6,29.4,99.4,78.2,85.1,75.3,362,136,,1,0.9,2.9,,0.0,0.0
Noll, Jake,669738,8,-2.8,25.0,92,78,85.8,75.2,317,144,,,0.0,0.0,,0.0,0.0
Read, Raudy,600466,6,12.7,50.0,96.7,77.9,81.7,79.3,298,157,,1,4.3,16.7,,0.0,0.0
Erlin, Robbie,572362,4,-7.7,0.0,84.3,77.9,,77.2,13,7,,,0.0,0.0,,0.0,0.0
Gray, Jon,592351,34,1.5,11.8,105.7,77.2,84.9,74.8,276,75,,3,3.6,8.8,,0.0,0.0
Conley, Adam,543045,1,30.2,100.0,77.2,77.2,77.2,,285,285,,,0.0,0.0,,0.0,0.0
Allard, Kolby,663465,2,53.9,50.0,90.6,77.1,90.6,,360,216,,,0.0,0.0,,0.0,0.0
Barría, Jaime,642545,1,-32.8,0.0,77,77,,77,5,5,,,0.0,0.0,,0.0,0.0
González, Gio,461829,10,10.9,20.0,91.8,76.9,80.7,73.2,316,142,,,0.0,0.0,,0.0,0.0
Duffy, Danny,518633,2,-45.9,0.0,99.4,76.9,,76.9,11,8,,1,12.5,50.0,,0.0,0.0
Hellickson, Jeremy,476451,7,-12,0.0,98.1,76.7,,76.7,70,30,,1,5.6,14.3,,0.0,0.0
Civale, Aaron,650644,1,-63.2,0.0,76.3,76.3,,76.3,2,2,,,0.0,0.0,,0.0,0.0
Anderson, Tyler,542881,4,46.4,50.0,80,75.4,70.8,,231,231,,,0.0,0.0,,0.0,0.0
Jackson, Drew,623515,2,-30.7,0.0,82.9,75.4,,75.4,4,4,,,0.0,0.0,,0.0,0.0
Robinson, Drew,592685,4,45.8,25.0,89,75.3,89,,204,161,,,0.0,0.0,,0.0,0.0
Bettis, Chad,518452,6,-25.8,0.0,88.7,75.2,,75.2,8,6,,,0.0,0.0,,0.0,0.0
Guerra, Junior,448855,1,6.1,0.0,75,75,,75,96,96,,,0.0,0.0,,0.0,0.0
Lugo, Seth,607625,1,14.7,100.0,75,75,75,,195,195,,,0.0,0.0,,0.0,0.0
Bailey, Homer,456701,4,-11.8,50.0,94.6,75,92.5,57.5,239,104,,,0.0,0.0,,0.0,0.0
Maton, Phil,664208,2,2.9,0.0,82.5,74.8,67.1,82.5,216,111,,,0.0,0.0,,0.0,0.0
Cuevas, Noel,571595,2,-35.1,0.0,79.1,74.7,,74.7,4,4,,,0.0,0.0,,0.0,0.0
Gausman, Kevin,592332,9,-23.6,11.1,90,74.5,79.7,73.8,152,21,,,0.0,0.0,,0.0,0.0
Elías, Roenis,606273,1,-37.8,0.0,73.9,73.9,,73.9,6,6,,,0.0,0.0,,0.0,0.0
Cozens, Dylan,622226,1,-7.5,0.0,73.9,73.9,,73.9,13,13,,,0.0,0.0,,0.0,0.0
Peralta, Freddy,642547,10,-3.4,40.0,95.2,73.2,82.3,70.6,317,98,,1,4.3,10.0,,0.0,0.0
Young, Alex,622065,7,-37.1,0.0,96,73.1,,73.1,69,15,,1,2.6,14.3,,0.0,0.0
Hader, Josh,623352,1,-39.9,0.0,71.4,71.4,,71.4,4,4,,,0.0,0.0,,0.0,0.0
Guerra, Javy,457915,3,39.4,0.0,70.8,70.8,70.8,,222,222,,,0.0,0.0,,0.0,0.0
Brebbia, John,605154,1,22.6,100.0,70.5,70.5,70.5,,224,224,,,0.0,0.0,,0.0,0.0
Haggerty, Sam,664059,1,60.6,0.0,70.3,70.3,,,162,162,,,0.0,0.0,,0.0,0.0
Hill, Rich,448179,10,0.5,30.0,87.3,69.9,78.6,64.6,217,92,,,0.0,0.0,,0.0,0.0
Cishek, Steve,518553,2,9.6,0.0,82.9,69.8,,82.9,165,165,,,0.0,0.0,,0.0,0.0
Leake, Mike,502190,12,4.8,25.0,91.6,69.6,83.7,64.6,321,111,,,0.0,0.0,,0.0,0.0
Avila, Pedro,658648,2,-58.3,0.0,69.1,69.1,,69.1,3,3,,,0.0,0.0,,0.0,0.0
Barrera, Tres,668663,2,24.5,50.0,77.4,67.8,67.8,,275,185,,,0.0,0.0,,0.0,0.0
Liriano, Francisco,434538,1,-55,0.0,63.4,63.4,,63.4,4,4,,,0.0,0.0,,0.0,0.0
Canning, Griffin,656288,1,0.2,0.0,62.8,62.8,,62.8,39,39,,,0.0,0.0,,0.0,0.0
Chen, Wei-Yin,612672,1,31.7,100.0,52.2,52.2,52.2,,141,141,,,0.0,0.0,,0.0,0.0
Hammer, JD,670456,1,3.7,0.0,51.4,51.4,,51.4,48,48,,,0.0,0.0,,0.0,0.0